Geneid	Chr	Start	End	Strand	Length	21_bam_clean/Knotted1_HB1_R1.mLb.flT.bam	x1.bam	x2.bam
Interval_1	B01	693057	693222	+	166	21	0	0
Interval_2	B01	872500	872685	+	186	10	0	0
Interval_3	B01	2380158	2380320	+	163	9	0	0
Interval_4	B01	3537903	3538113	+	211	20	3	1
Interval_5	B01	4657728	4657899	+	172	7	2	0
Interval_6	B01	8292477	8292633	+	157	15	0	0
Interval_7	B01	9080822	9080978	+	157	9	2	2
Interval_8	B01	9981555	9981711	+	157	9	1	0
Interval_9	B01	10331812	10331984	+	173	12	6	2
Interval_10	B01	11417958	11418189	+	232	9	0	0
Interval_11	B01	11586742	11586898	+	157	14	13	0
Interval_12	B01	13168517	13168688	+	172	18	0	0
Interval_13	B01	13177977	13178221	+	245	31	4	1
Interval_14	B01	13732014	13732172	+	159	12	3	7
Interval_15	B01	13792955	13793184	+	230	16	0	0
Interval_16	B01	16846599	16846767	+	169	13	0	0
Interval_17	B01	18089539	18089717	+	179	14	2	3
Interval_18	B01	18771432	18771588	+	157	15	1	4
Interval_19	B01	18918356	18918558	+	203	11	1	0
Interval_20	B01	23360268	23360465	+	198	5	14	0
Interval_21	B01	24660099	24660409	+	311	52	33	0
Interval_22	B01	24976158	24976322	+	165	14	0	0
Interval_23	B01	25784790	25784998	+	209	17	0	0
Interval_24	B01	26760413	26760658	+	246	16	0	0
Interval_25	B01	27574126	27574282	+	157	16	0	0
Interval_26	B01	28809091	28809296	+	206	11	0	0
Interval_27	B01	30241525	30241721	+	197	16	0	0
Interval_28	B01	30934869	30935048	+	180	11	0	0
Interval_29	B01	32276622	32276793	+	172	1	5	2
Interval_30	B01	32605202	32605374	+	173	14	0	0
Interval_31	B01	32679159	32679379	+	221	19	8	0
Interval_32	B01	34514367	34514564	+	198	17	13	0
Interval_33	B01	35372849	35373025	+	177	13	5	0
Interval_34	B01	38609943	38610099	+	157	8	0	0
Interval_35	B01	39923130	39923372	+	243	32	0	0
Interval_36	B01	40707640	40707827	+	188	17	18	0
Interval_37	B01	43581462	43581631	+	170	14	3	0
Interval_38	B01	44317363	44317600	+	238	7	0	0
Interval_39	B01	45888473	45888692	+	220	21	0	0
Interval_40	B01	47579768	47579968	+	201	20	2	5
Interval_41	B01	49536091	49536247	+	157	9	0	0
Interval_42	B01	49780522	49780805	+	284	15	6	0
Interval_43	B01	51332376	51332686	+	311	12	0	0
Interval_44	B01	51833718	51833886	+	169	14	13	0
Interval_45	B01	51934236	51934407	+	172	7	15	0
Interval_46	B01	52492836	52493069	+	234	21	0	0
Interval_47	B01	54470681	54470915	+	235	28	1	0
Interval_48	B01	56982640	56982796	+	157	18	0	0
Interval_49	B01	59438612	59438802	+	191	18	0	0
Interval_50	B01	59484089	59484245	+	157	14	3	1
Interval_51	B01	61411092	61411290	+	199	18	0	0
Interval_52	B01	61663989	61664315	+	327	8	5	7
Interval_53	B01	62392566	62392780	+	215	13	0	0
Interval_54	B01	62392921	62393192	+	272	15	0	0
Interval_55	B01	62429219	62429436	+	218	18	0	0
Interval_56	B01	63240514	63240712	+	199	15	6	0
Interval_57	B01	66017773	66017967	+	195	21	0	0
Interval_58	B01	69846133	69846357	+	225	20	0	0
Interval_59	B01	70063888	70064062	+	175	24	2	0
Interval_60	B01	71676110	71676297	+	188	10	0	0
Interval_61	B01	73759652	73759895	+	244	25	0	0
Interval_62	B01	74536855	74537105	+	251	26	0	0
Interval_63	B01	78762333	78762563	+	231	26	9	3
Interval_64	B01	79828965	79829189	+	225	5	12	0
Interval_65	B01	87715864	87716020	+	157	5	0	0
Interval_66	B01	89003204	89003391	+	188	7	12	3
Interval_67	B01	89159188	89159344	+	157	14	1	0
Interval_68	B01	90962500	90962702	+	203	10	2	1
Interval_69	B01	91790449	91790633	+	185	14	0	0
Interval_70	B01	92683122	92683331	+	210	18	3	1
Interval_71	B01	93139128	93139284	+	157	8	0	0
Interval_72	B01	94235272	94235463	+	192	11	0	0
Interval_73	B01	97489499	97489848	+	350	20	0	0
Interval_74	B01	97527757	97528019	+	263	16	0	0
Interval_75	B01	100396266	100396457	+	192	5	0	0
Interval_76	B01	103433824	103434001	+	178	11	0	0
Interval_77	B01	105950549	105950720	+	172	13	0	0
Interval_78	B01	106085018	106085174	+	157	15	0	0
Interval_79	B01	107091272	107091428	+	157	18	12	0
Interval_80	B01	109054197	109054353	+	157	12	0	0
Interval_81	B01	113437844	113438010	+	167	15	1	0
Interval_82	B01	113772971	113773191	+	221	16	1	0
Interval_83	B01	114872807	114872993	+	187	13	0	0
Interval_84	B01	117623696	117623919	+	224	27	0	0
Interval_85	B01	117810392	117810618	+	227	14	8	0
Interval_86	B01	117843550	117843706	+	157	17	0	0
Interval_87	B01	119488921	119489080	+	160	15	0	0
Interval_88	B01	120006875	120007103	+	229	12	0	0
Interval_89	B01	120509852	120510055	+	204	10	0	0
Interval_90	B01	121173181	121173341	+	161	13	10	0
Interval_91	B01	121211395	121211567	+	173	12	0	6
Interval_92	B01	124790348	124790518	+	171	9	0	0
Interval_93	B01	125676216	125676372	+	157	14	0	0
Interval_94	B01	126706613	126706821	+	209	11	0	0
Interval_95	B01	127023243	127023399	+	157	11	0	0
Interval_96	B01	131294406	131294566	+	161	12	0	0
Interval_97	B01	132569701	132569911	+	211	9	0	0
Interval_98	B01	135634647	135634825	+	179	13	0	0
Interval_99	B01	142126784	142126966	+	183	13	0	0
Interval_100	B01	143499429	143499585	+	157	17	0	0
Interval_101	B01	144022551	144022721	+	171	11	6	0
Interval_102	B01	144023130	144023499	+	370	28	19	0
Interval_103	B01	146078005	146078215	+	211	19	25	0
Interval_104	B01	152664551	152664816	+	266	34	0	0
Interval_105	B01	158085853	158086030	+	178	17	7	0
Interval_106	B01	158878087	158878262	+	176	15	0	0
Interval_107	B01	160591228	160591409	+	182	15	0	0
Interval_108	B01	161420335	161420492	+	158	10	9	0
Interval_109	B01	162687150	162687336	+	187	18	2	0
Interval_110	B01	164813664	164813879	+	216	7	0	0
Interval_111	B01	164856683	164856993	+	311	43	9	0
Interval_112	B01	164996928	164997498	+	571	80	11	0
Interval_113	B01	164997806	164998042	+	237	18	15	0
Interval_114	B01	165112661	165112976	+	316	34	0	0
Interval_115	B01	165198533	165198715	+	183	6	0	0
Interval_116	B01	165350751	165350944	+	194	17	0	0
Interval_117	B01	165605280	165605439	+	160	14	3	0
Interval_118	B01	168120993	168121149	+	157	14	0	0
Interval_119	B01	170188423	170188609	+	187	15	0	0
Interval_120	B01	171694532	171694738	+	207	16	0	0
Interval_121	B01	173692588	173692744	+	157	14	6	0
Interval_122	B01	174770659	174770815	+	157	13	0	0
Interval_123	B01	175614498	175614654	+	157	11	0	0
Interval_124	B01	176000263	176000448	+	186	19	0	0
Interval_125	B01	176356645	176356801	+	157	18	9	0
Interval_126	B01	176684730	176684924	+	195	4	8	0
Interval_127	B01	176781962	176782242	+	281	24	13	0
Interval_128	B01	176989808	176989985	+	178	10	9	0
Interval_129	B01	178436343	178436528	+	186	7	0	0
Interval_130	B01	183894484	183894640	+	157	12	7	0
Interval_131	B01	189524642	189524847	+	206	12	0	0
Interval_132	B01	190288480	190288658	+	179	18	0	0
Interval_133	B01	192259184	192259379	+	196	12	0	0
Interval_134	B01	195679502	195679671	+	170	16	0	0
Interval_135	B01	196126090	196126257	+	168	18	0	0
Interval_136	B01	197053366	197053557	+	192	16	18	0
Interval_137	B01	197139240	197139420	+	181	19	12	0
Interval_138	B01	198669974	198670195	+	222	22	0	0
Interval_139	B01	198840483	198840669	+	187	15	20	0
Interval_140	B01	199400967	199401153	+	187	12	0	0
Interval_141	B01	199818186	199818406	+	221	5	1	0
Interval_142	B01	199992992	199993163	+	172	13	1	0
Interval_143	B01	200923859	200924027	+	169	13	0	0
Interval_144	B01	201194421	201194652	+	232	12	0	0
Interval_145	B01	201292885	201293092	+	208	11	8	0
Interval_146	B01	201318074	201318245	+	172	4	8	0
Interval_147	B01	201336690	201336941	+	252	12	0	0
Interval_148	B01	204663459	204663643	+	185	18	9	0
Interval_149	B01	205396331	205396592	+	262	23	22	0
Interval_150	B01	206644841	206645033	+	193	24	4	1
Interval_151	B01	208358057	208358221	+	165	12	0	0
Interval_152	B01	208591295	208591517	+	223	16	13	0
Interval_153	B01	209968010	209968216	+	207	13	0	2
Interval_154	B01	212857373	212857569	+	197	22	8	0
Interval_155	B01	214374207	214374491	+	285	33	27	0
Interval_156	B01	216418552	216418768	+	217	5	1	0
Interval_157	B01	217481243	217481465	+	223	16	14	0
Interval_158	B01	217581546	217581709	+	164	12	0	0
Interval_159	B01	219234493	219234649	+	157	11	0	0
Interval_160	B01	221347754	221347970	+	217	17	12	0
Interval_161	B01	225028831	225029066	+	236	19	0	0
Interval_162	B01	225547893	225548049	+	157	18	0	0
Interval_163	B01	226433614	226433796	+	183	18	20	0
Interval_164	B01	226576756	226576945	+	190	8	0	0
Interval_165	B01	226590530	226590694	+	165	7	5	0
Interval_166	B01	227579799	227580012	+	214	14	5	6
Interval_167	B01	228912799	228912961	+	163	14	0	0
Interval_168	B01	229150224	229150380	+	157	19	0	0
Interval_169	B01	229634721	229634877	+	157	17	1	1
Interval_170	B01	230003679	230003837	+	159	14	0	0
Interval_171	B01	230116599	230116821	+	223	15	0	0
Interval_172	B01	231937270	231937476	+	207	12	10	0
Interval_173	B01	233338339	233338757	+	419	44	23	0
Interval_174	B01	235261676	235261986	+	311	14	9	0
Interval_175	B01	235894760	235894931	+	172	5	12	0
Interval_176	B01	237519650	237519821	+	172	17	0	0
Interval_177	B01	238224775	238225006	+	232	26	11	0
Interval_178	B01	238550761	238550917	+	157	14	3	1
Interval_179	B01	240252828	240253043	+	216	11	9	4
Interval_180	B01	240312143	240312319	+	177	12	1	3
Interval_181	B01	245055727	245055953	+	227	18	12	0
Interval_182	B01	245056443	245056705	+	263	27	18	0
Interval_183	B01	245845787	245845943	+	157	13	0	0
Interval_184	B01	247652947	247653163	+	217	17	0	0
Interval_185	B01	247654285	247654482	+	198	13	0	0
Interval_186	B01	249467488	249467711	+	224	11	3	0
Interval_187	B01	249700680	249700912	+	233	18	8	0
Interval_188	B01	249957268	249957424	+	157	9	0	0
Interval_189	B01	249959018	249959189	+	172	6	0	0
Interval_190	B01	250126750	250126906	+	157	11	4	2
Interval_191	B01	253384945	253385121	+	177	7	0	0
Interval_192	B01	254544148	254544352	+	205	4	8	2
Interval_193	B01	255393060	255393220	+	161	10	1	0
Interval_194	B01	256777841	256778135	+	295	13	9	0
Interval_195	B01	256836385	256836541	+	157	6	8	0
Interval_196	B01	257426851	257427022	+	172	4	0	0
Interval_197	B01	258173023	258173179	+	157	13	10	2
Interval_198	B01	259029925	259030081	+	157	14	0	0
Interval_199	B01	259182900	259183072	+	173	14	4	0
Interval_200	B01	260051640	260051884	+	245	10	0	0
Interval_201	B01	260861360	260861531	+	172	10	17	2
Interval_202	B01	260933817	260934067	+	251	22	3	0
Interval_203	B01	261036346	261036517	+	172	13	6	0
Interval_204	B01	261043812	261044005	+	194	10	3	1
Interval_205	B01	262013921	262014112	+	192	16	0	0
Interval_206	B01	262228032	262228188	+	157	8	0	0
Interval_207	B01	263285369	263285784	+	416	15	8	0
Interval_208	B01	263950081	263950347	+	267	29	0	0
Interval_209	B01	265217368	265217572	+	205	21	0	0
Interval_210	B01	266543220	266543456	+	237	18	0	0
Interval_211	B01	266866890	266867145	+	256	11	7	0
Interval_212	B01	267099638	267099938	+	301	20	4	0
Interval_213	B01	267100585	267100836	+	252	16	8	0
Interval_214	B01	269668759	269668923	+	165	7	0	0
Interval_215	B01	270703720	270703887	+	168	10	0	0
Interval_216	B01	271789791	271789967	+	177	14	0	0
Interval_217	B01	273301341	273301595	+	255	20	10	0
Interval_218	B01	273831971	273832144	+	174	18	0	0
Interval_219	B01	273843284	273843579	+	296	26	22	0
Interval_220	B01	274399983	274400208	+	226	18	12	0
Interval_221	B01	274957728	274957941	+	214	5	10	0
Interval_222	B01	276280190	276280566	+	377	13	0	0
Interval_223	B01	277022443	277022663	+	221	29	10	0
Interval_224	B01	278108619	278108791	+	173	11	0	0
Interval_225	B01	278689212	278689514	+	303	13	13	0
Interval_226	B01	279598508	279598701	+	194	12	0	0
Interval_227	B01	281139590	281139800	+	211	16	19	0
Interval_228	B01	281799245	281799531	+	287	16	0	0
Interval_229	B01	281803731	281803997	+	267	37	20	0
Interval_230	B01	283056400	283056591	+	192	4	5	0
Interval_231	B01	283197955	283198217	+	263	37	28	0
Interval_232	B01	283937287	283937594	+	308	9	9	0
Interval_233	B01	287570011	287570219	+	209	5	0	0
Interval_234	B01	287973144	287973303	+	160	11	7	0
Interval_235	B01	288299235	288299412	+	178	4	0	0
Interval_236	B01	288346523	288346679	+	157	9	8	0
Interval_237	B01	288830075	288830315	+	241	13	0	0
Interval_238	B01	290785444	290785600	+	157	18	5	0
Interval_239	B01	292388405	292388611	+	207	15	5	0
Interval_240	B01	294735704	294735919	+	216	22	0	0
Interval_241	B01	296039976	296040132	+	157	11	0	0
Interval_242	B01	297299937	297300108	+	172	5	7	0
Interval_243	B01	297881072	297881232	+	161	16	1	1
Interval_244	B01	299615671	299615859	+	189	21	0	9
Interval_245	B01	300551931	300552087	+	157	7	0	0
Interval_246	B01	300988430	300988694	+	265	40	12	6
Interval_247	B01	301477755	301477960	+	206	18	1	0
Interval_248	B01	303001225	303001449	+	225	14	3	0
Interval_249	B01	305092953	305093151	+	199	6	0	0
Interval_250	B01	305477128	305477284	+	157	11	0	0
Interval_251	B02	483716	483953	+	238	36	15	9
Interval_252	B02	717799	717955	+	157	12	0	0
Interval_253	B02	3436690	3436846	+	157	9	0	0
Interval_254	B02	3790882	3791038	+	157	16	0	0
Interval_255	B02	5629247	5629514	+	268	29	0	0
Interval_256	B02	5996233	5996389	+	157	10	0	0
Interval_257	B02	6410386	6410583	+	198	18	16	0
Interval_258	B02	6569345	6569595	+	251	23	0	0
Interval_259	B02	6571599	6571758	+	160	17	0	0
Interval_260	B02	8461669	8461861	+	193	18	0	0
Interval_261	B02	9663352	9663599	+	248	29	27	0
Interval_262	B02	10444575	10444731	+	157	9	0	0
Interval_263	B02	10657444	10657600	+	157	11	5	0
Interval_264	B02	11321775	11321939	+	165	19	0	0
Interval_265	B02	12368828	12369130	+	303	21	1	0
Interval_266	B02	13607283	13607444	+	162	12	1	0
Interval_267	B02	15316103	15316337	+	235	13	0	0
Interval_268	B02	15451989	15452160	+	172	25	0	0
Interval_269	B02	16337547	16337803	+	257	16	8	0
Interval_270	B02	19285730	19286035	+	306	20	0	0
Interval_271	B02	20765627	20765914	+	288	32	0	0
Interval_272	B02	23395545	23395906	+	362	41	25	5
Interval_273	B02	24521901	24522117	+	217	20	0	0
Interval_274	B02	27995095	27995288	+	194	12	9	4
Interval_275	B02	28217643	28217943	+	301	20	2	0
Interval_276	B02	28496568	28496758	+	191	10	0	0
Interval_277	B02	30031201	30031511	+	311	16	4	6
Interval_278	B02	30462934	30463226	+	293	38	0	0
Interval_279	B02	31854302	31854458	+	157	14	3	4
Interval_280	B02	32955822	32956002	+	181	21	1	1
Interval_281	B02	35536307	35536463	+	157	14	9	0
Interval_282	B02	35786683	35786879	+	197	12	3	0
Interval_283	B02	37369751	37369935	+	185	15	0	0
Interval_284	B02	39668943	39669146	+	204	11	5	0
Interval_285	B02	43090026	43090182	+	157	15	8	0
Interval_286	B02	44424159	44424363	+	205	5	8	1
Interval_287	B02	44468434	44468618	+	185	7	0	0
Interval_288	B02	44775089	44775373	+	285	10	14	0
Interval_289	B02	47498945	47499165	+	221	24	16	0
Interval_290	B02	51129825	51129997	+	173	17	11	0
Interval_291	B02	54583195	54583439	+	245	35	14	4
Interval_292	B02	54592704	54592915	+	212	21	0	0
Interval_293	B02	54656832	54657003	+	172	3	1	0
Interval_294	B02	55429384	55429645	+	262	40	12	2
Interval_295	B02	55806234	55806401	+	168	7	1	3
Interval_296	B02	57061122	57061278	+	157	12	0	0
Interval_297	B02	57547595	57547867	+	273	14	0	0
Interval_298	B02	58861253	58861409	+	157	13	0	0
Interval_299	B02	62441963	62442155	+	193	16	11	0
Interval_300	B02	66233054	66233312	+	259	11	5	0
Interval_301	B02	66397040	66397211	+	172	15	2	2
Interval_302	B02	66717770	66717926	+	157	11	3	0
Interval_303	B02	66783808	66784087	+	280	8	0	0
Interval_304	B02	68863610	68863766	+	157	11	0	0
Interval_305	B02	69689268	69689503	+	236	21	6	0
Interval_306	B02	70041570	70042047	+	478	15	0	0
Interval_307	B02	72583778	72584171	+	394	28	4	7
Interval_308	B02	76573033	76573189	+	157	13	0	0
Interval_309	B02	79613894	79614053	+	160	13	0	0
Interval_310	B02	80500945	80501101	+	157	14	0	0
Interval_311	B02	82541654	82541880	+	227	21	20	0
Interval_312	B02	83938142	83938472	+	331	20	0	0
Interval_313	B02	84065307	84065484	+	178	12	0	0
Interval_314	B02	84985702	84986065	+	364	47	22	5
Interval_315	B02	90162097	90162372	+	276	21	0	0
Interval_316	B02	91386735	91386906	+	172	4	0	0
Interval_317	B02	91780846	91781039	+	194	13	0	0
Interval_318	B02	91781320	91781610	+	291	25	0	0
Interval_319	B02	91838999	91839170	+	172	13	0	0
Interval_320	B02	94081988	94082202	+	215	23	0	0
Interval_321	B02	94231844	94232000	+	157	11	0	0
Interval_322	B02	94674509	94674667	+	159	13	0	0
Interval_323	B02	102694075	102694378	+	304	28	12	6
Interval_324	B02	102694811	102695139	+	329	25	12	8
Interval_325	B02	103989133	103989289	+	157	12	4	0
Interval_326	B02	104248126	104248297	+	172	7	0	0
Interval_327	B02	105850807	105850969	+	163	12	8	0
Interval_328	B02	106527011	106527202	+	192	9	1	3
Interval_329	B02	107305225	107305583	+	359	26	0	0
Interval_330	B02	108515802	108515958	+	157	12	7	0
Interval_331	B02	116473796	116473996	+	201	24	0	0
Interval_332	B02	127710451	127710641	+	191	10	0	0
Interval_333	B02	128726047	128726211	+	165	24	0	0
Interval_334	B02	134775993	134776172	+	180	10	0	0
Interval_335	B02	135112696	135112982	+	287	55	27	0
Interval_336	B02	135205291	135205547	+	257	17	14	0
Interval_337	B02	136379451	136379701	+	251	11	0	0
Interval_338	B02	138471038	138471194	+	157	10	0	0
Interval_339	B02	141287059	141287230	+	172	4	0	0
Interval_340	B02	141581748	141581920	+	173	14	0	0
Interval_341	B02	141959132	141959314	+	183	9	0	0
Interval_342	B02	141959693	141959905	+	213	19	0	0
Interval_343	B02	145115166	145115348	+	183	16	0	0
Interval_344	B02	154101075	154101246	+	172	3	0	0
Interval_345	B02	154828341	154828497	+	157	13	0	0
Interval_346	B02	156534501	156534674	+	174	4	5	0
Interval_347	B02	158381749	158381977	+	229	11	0	0
Interval_348	B02	161491845	161492029	+	185	25	0	0
Interval_349	B02	161596451	161596704	+	254	15	0	0
Interval_350	B02	162406474	162406674	+	201	12	0	0
Interval_351	B02	164643391	164643604	+	214	13	0	0
Interval_352	B02	164677730	164677958	+	229	29	0	0
Interval_353	B02	168799106	168799347	+	242	14	0	0
Interval_354	B02	170473358	170473589	+	232	15	0	0
Interval_355	B02	170612302	170612511	+	210	11	0	0
Interval_356	B02	172013526	172013785	+	260	23	0	0
Interval_357	B02	173134961	173135208	+	248	20	16	0
Interval_358	B02	174022242	174022478	+	237	13	1	0
Interval_359	B02	174927995	174928251	+	257	19	10	10
Interval_360	B02	175201180	175201370	+	191	23	0	0
Interval_361	B02	175710174	175710330	+	157	9	1	1
Interval_362	B02	176907293	176907613	+	321	4	0	0
Interval_363	B02	176913170	176913454	+	285	8	0	0
Interval_364	B02	176914300	176914584	+	285	23	0	0
Interval_365	B02	176916544	176916818	+	275	4	0	0
Interval_366	B02	177308119	177308337	+	219	13	0	0
Interval_367	B02	177344505	177344707	+	203	5	2	0
Interval_368	B02	177678825	177679053	+	229	29	0	0
Interval_369	B02	180212416	180212721	+	306	38	33	0
Interval_370	B02	180269329	180269505	+	177	15	8	0
Interval_371	B02	181840047	181840225	+	179	15	9	0
Interval_372	B02	182859376	182859634	+	259	22	3	6
Interval_373	B02	184027646	184027808	+	163	12	0	0
Interval_374	B02	184331949	184332105	+	157	10	0	0
Interval_375	B02	184432229	184432385	+	157	7	0	0
Interval_376	B02	185868242	185868431	+	190	17	0	0
Interval_377	B02	186664168	186664428	+	261	13	0	0
Interval_378	B02	187333697	187333870	+	174	10	0	0
Interval_379	B02	187334377	187334626	+	250	20	0	0
Interval_380	B02	189123544	189123768	+	225	22	0	0
Interval_381	B02	191187432	191187622	+	191	16	1	0
Interval_382	B02	191310407	191310591	+	185	12	0	0
Interval_383	B02	194315484	194316022	+	539	48	0	0
Interval_384	B02	194441156	194441312	+	157	11	0	0
Interval_385	B02	199180495	199180651	+	157	14	2	3
Interval_386	B02	200086467	200086624	+	158	13	8	0
Interval_387	B02	201156987	201157188	+	202	13	0	0
Interval_388	B02	202367915	202368078	+	164	22	0	0
Interval_389	B02	202740400	202740556	+	157	11	6	0
Interval_390	B02	203507466	203507645	+	180	10	11	0
Interval_391	B02	204180347	204180503	+	157	11	0	0
Interval_392	B02	204191805	204192027	+	223	12	0	0
Interval_393	B02	204452813	204453032	+	220	18	0	0
Interval_394	B02	204530011	204530325	+	315	26	0	0
Interval_395	B02	205912866	205913022	+	157	15	6	7
Interval_396	B02	206396148	206396365	+	218	20	0	0
Interval_397	B02	210783358	210783529	+	172	13	0	0
Interval_398	B02	210870781	210870955	+	175	16	5	0
Interval_399	B02	211511994	211512211	+	218	28	13	5
Interval_400	B02	211698461	211698661	+	201	15	5	0
Interval_401	B02	212301467	212301694	+	228	13	0	0
Interval_402	B02	212745836	212746051	+	216	15	9	0
Interval_403	B02	212879564	212879723	+	160	12	2	0
Interval_404	B02	213075389	213075545	+	157	8	1	0
Interval_405	B02	213752917	213753099	+	183	20	6	0
Interval_406	B02	214083699	214083897	+	199	15	0	0
Interval_407	B02	215783028	215783211	+	184	12	3	0
Interval_408	B02	218329120	218329310	+	191	11	11	0
Interval_409	B02	220870257	220870556	+	300	31	26	0
Interval_410	B02	221856186	221856470	+	285	35	25	0
Interval_411	B02	222328265	222328513	+	249	31	0	0
Interval_412	B02	224196844	224197000	+	157	8	1	0
Interval_413	B02	224296439	224296595	+	157	14	0	0
Interval_414	B02	224812727	224812883	+	157	14	0	0
Interval_415	B02	225446173	225446357	+	185	15	0	0
Interval_416	B02	225538806	225538985	+	180	10	10	0
Interval_417	B02	225608558	225608769	+	212	17	9	0
Interval_418	B02	225833858	225834028	+	171	19	0	0
Interval_419	B02	226079650	226079883	+	234	26	22	0
Interval_420	B02	226403970	226404126	+	157	12	8	0
Interval_421	B02	227230400	227230563	+	164	15	3	0
Interval_422	B02	227543512	227543877	+	366	27	0	0
Interval_423	B02	229002392	229002697	+	306	26	0	0
Interval_424	B02	229127869	229128042	+	174	11	5	0
Interval_425	B02	229545747	229545994	+	248	9	11	0
Interval_426	B02	230353463	230353700	+	238	23	10	0
Interval_427	B02	233726031	233726232	+	202	16	0	0
Interval_428	B02	233973011	233973244	+	234	21	5	0
Interval_429	B02	234006293	234006478	+	186	22	1	0
Interval_430	B02	236438488	236438644	+	157	10	0	0
Interval_431	B02	237645980	237646151	+	172	0	0	0
Interval_432	B02	240629041	240629298	+	258	24	0	0
Interval_433	B02	240878580	240878825	+	246	29	0	0
Interval_434	B02	242170341	242170510	+	170	17	0	0
Interval_435	B02	242700620	242700778	+	159	16	7	0
Interval_436	B02	243655093	243655355	+	263	14	0	0
Interval_437	B03	288900	289090	+	191	11	0	0
Interval_438	B03	2939308	2939491	+	184	17	5	0
Interval_439	B03	4768906	4769102	+	197	23	0	0
Interval_440	B03	6935318	6935557	+	240	2	0	0
Interval_441	B03	7446137	7446293	+	157	16	3	0
Interval_442	B03	9094919	9095175	+	257	24	0	0
Interval_443	B03	10339962	10340135	+	174	14	5	0
Interval_444	B03	11024678	11024849	+	172	1	6	3
Interval_445	B03	13150519	13150675	+	157	7	0	0
Interval_446	B03	13975592	13975748	+	157	8	0	0
Interval_447	B03	17023482	17023653	+	172	11	0	0
Interval_448	B03	17563470	17563626	+	157	12	0	0
Interval_449	B03	17804983	17805139	+	157	11	0	0
Interval_450	B03	18829574	18829764	+	191	26	0	0
Interval_451	B03	22143246	22143406	+	161	14	3	0
Interval_452	B03	22533354	22533541	+	188	8	5	0
Interval_453	B03	22583969	22584125	+	157	15	6	0
Interval_454	B03	23043521	23043754	+	234	19	8	0
Interval_455	B03	23313733	23313889	+	157	14	7	0
Interval_456	B03	23617192	23617416	+	225	15	0	0
Interval_457	B03	24645527	24645731	+	205	18	10	0
Interval_458	B03	25595306	25595575	+	270	20	0	0
Interval_459	B03	27704516	27704687	+	172	3	4	0
Interval_460	B03	27808367	27808659	+	293	28	0	0
Interval_461	B03	28708375	28708595	+	221	26	33	0
Interval_462	B03	29162468	29162716	+	249	13	0	0
Interval_463	B03	29231581	29231756	+	176	15	3	0
Interval_464	B03	30048602	30048793	+	192	13	7	0
Interval_465	B03	30119055	30119211	+	157	12	0	0
Interval_466	B03	30546137	30546408	+	272	28	7	0
Interval_467	B03	31836816	31836972	+	157	21	15	0
Interval_468	B03	32679599	32679774	+	176	15	0	0
Interval_469	B03	35054857	35055013	+	157	16	7	0
Interval_470	B03	41321957	41322140	+	184	12	5	0
Interval_471	B03	41831737	41831893	+	157	10	5	0
Interval_472	B03	42651963	42652210	+	248	18	7	0
Interval_473	B03	47352825	47353016	+	192	19	19	0
Interval_474	B03	48239949	48240125	+	177	4	2	0
Interval_475	B03	48243895	48244051	+	157	12	0	0
Interval_476	B03	48596796	48596965	+	170	15	0	0
Interval_477	B03	48754592	48754804	+	213	23	1	0
Interval_478	B03	49667636	49667818	+	183	10	0	0
Interval_479	B03	50350929	50351100	+	172	11	2	0
Interval_480	B03	51200538	51200812	+	275	14	5	0
Interval_481	B03	51605484	51605693	+	210	13	0	0
Interval_482	B03	51613804	51613984	+	181	22	0	0
Interval_483	B03	52791089	52791266	+	178	15	0	0
Interval_484	B03	53241955	53242137	+	183	13	3	0
Interval_485	B03	53578265	53578534	+	270	20	23	0
Interval_486	B03	53687391	53687547	+	157	11	0	0
Interval_487	B03	53776347	53776548	+	202	19	0	0
Interval_488	B03	55356056	55356214	+	159	12	13	0
Interval_489	B03	55366548	55366822	+	275	26	0	0
Interval_490	B03	55566190	55566478	+	289	35	0	0
Interval_491	B03	56725585	56725741	+	157	11	6	0
Interval_492	B03	57010944	57011123	+	180	10	0	0
Interval_493	B03	57512691	57512883	+	193	9	3	0
Interval_494	B03	59067894	59068068	+	175	12	4	0
Interval_495	B03	59068984	59069276	+	293	36	1	0
Interval_496	B03	59423835	59424102	+	268	10	0	0
Interval_497	B03	59854435	59854596	+	162	19	10	0
Interval_498	B03	62291575	62291782	+	208	20	0	0
Interval_499	B03	63020328	63020522	+	195	14	0	0
Interval_500	B03	64648895	64649158	+	264	30	7	0
Interval_501	B03	65590340	65590497	+	158	12	1	0
Interval_502	B03	65607829	65607989	+	161	11	2	0
Interval_503	B03	66473502	66473703	+	202	14	4	0
Interval_504	B03	69861705	69861861	+	157	8	3	0
Interval_505	B03	71599913	71600075	+	163	11	0	0
Interval_506	B03	73344813	73344984	+	172	10	0	0
Interval_507	B03	78494291	78494488	+	198	11	0	0
Interval_508	B03	80104213	80104369	+	157	9	0	0
Interval_509	B03	83471780	83472026	+	247	29	0	0
Interval_510	B03	89375817	89376020	+	204	5	0	0
Interval_511	B03	96076868	96077024	+	157	8	0	0
Interval_512	B03	96602900	96603111	+	212	16	0	0
Interval_513	B03	96604410	96604566	+	157	15	8	0
Interval_514	B03	101315060	101315277	+	218	13	13	0
Interval_515	B03	101680546	101680702	+	157	13	2	0
Interval_516	B03	109023861	109024017	+	157	8	0	0
Interval_517	B03	111664562	111664770	+	209	12	1	0
Interval_518	B03	112957071	112957242	+	172	4	0	0
Interval_519	B03	113991478	113991716	+	239	13	9	0
Interval_520	B03	114131430	114131586	+	157	8	0	0
Interval_521	B03	114172782	114172940	+	159	9	0	0
Interval_522	B03	115129989	115130169	+	181	18	19	0
Interval_523	B03	116711490	116711646	+	157	9	0	0
Interval_524	B03	117927069	117927225	+	157	12	3	0
Interval_525	B03	118354628	118354784	+	157	12	0	0
Interval_526	B03	118612312	118612490	+	179	12	4	0
Interval_527	B03	119833854	119834010	+	157	13	0	0
Interval_528	B03	120947023	120947360	+	338	14	12	0
Interval_529	B03	121498539	121498973	+	435	36	51	0
Interval_530	B03	121499373	121499557	+	185	20	21	0
Interval_531	B03	121898942	121899122	+	181	12	12	0
Interval_532	B03	122982906	122983116	+	211	10	0	0
Interval_533	B03	124878664	124878860	+	197	10	5	0
Interval_534	B03	126033291	126033477	+	187	22	0	0
Interval_535	B03	126037676	126037918	+	243	19	19	0
Interval_536	B03	126129334	126129522	+	189	19	14	0
Interval_537	B03	127758555	127758818	+	264	27	0	0
Interval_538	B03	128152216	128152372	+	157	8	2	0
Interval_539	B03	129683934	129684133	+	200	13	0	0
Interval_540	B03	129688342	129688537	+	196	16	0	0
Interval_541	B03	130693038	130693235	+	198	19	0	0
Interval_542	B03	131749123	131749301	+	179	9	0	0
Interval_543	B03	131846865	131847128	+	264	8	0	0
Interval_544	B03	132085111	132085320	+	210	7	0	0
Interval_545	B03	132289549	132289777	+	229	16	3	0
Interval_546	B03	132290127	132290341	+	215	30	0	0
Interval_547	B03	132333686	132333911	+	226	13	0	0
Interval_548	B03	133588635	133588811	+	177	18	0	0
Interval_549	B03	134314260	134314751	+	492	34	7	0
Interval_550	B03	135284234	135284405	+	172	4	0	0
Interval_551	B03	135294550	135294741	+	192	13	0	0
Interval_552	B03	135637235	135637391	+	157	8	0	0
Interval_553	B03	137257595	137257751	+	157	10	2	0
Interval_554	B03	138775133	138775394	+	262	17	0	0
Interval_555	B03	140023326	140023482	+	157	21	0	0
Interval_556	B03	140732455	140732626	+	172	2	0	0
Interval_557	B03	140932765	140932953	+	189	13	0	0
Interval_558	B03	141632049	141632277	+	229	25	14	0
Interval_559	B03	141722196	141722452	+	257	17	0	0
Interval_560	B03	142279125	142279296	+	172	11	10	0
Interval_561	B03	142705929	142706100	+	172	3	9	4
Interval_562	B03	143703142	143703332	+	191	9	0	0
Interval_563	B03	144973411	144973632	+	222	24	0	0
Interval_564	B03	146605550	146605730	+	181	9	0	0
Interval_565	B03	148421788	148422028	+	241	12	0	0
Interval_566	B03	150692324	150692480	+	157	12	13	1
Interval_567	B03	152769557	152769780	+	224	12	4	0
Interval_568	B03	153007565	153007721	+	157	10	6	0
Interval_569	B03	156030094	156030250	+	157	9	0	0
Interval_570	B03	160271569	160271725	+	157	14	0	0
Interval_571	B03	161126148	161126372	+	225	15	4	9
Interval_572	B03	163693970	163694141	+	172	6	0	0
Interval_573	B03	164367524	164367680	+	157	15	0	0
Interval_574	B03	167223321	167223540	+	220	17	0	0
Interval_575	B03	168567468	168567724	+	257	20	11	0
Interval_576	B03	169086905	169087072	+	168	12	0	2
Interval_577	B03	169382994	169383184	+	191	28	14	2
Interval_578	B03	170025257	170025451	+	195	22	13	2
Interval_579	B03	171402116	171402397	+	282	33	0	0
Interval_580	B03	172362343	172362630	+	288	29	2	0
Interval_581	B03	172640592	172640798	+	207	16	10	0
Interval_582	B03	172860730	172860886	+	157	13	5	0
Interval_583	B03	174984955	174985150	+	196	19	0	0
Interval_584	B03	175093256	175093412	+	157	12	3	2
Interval_585	B03	176738004	176738175	+	172	9	0	0
Interval_586	B03	176766621	176766892	+	272	34	14	1
Interval_587	B03	179267644	179267800	+	157	11	3	0
Interval_588	B03	180568323	180568536	+	214	23	8	0
Interval_589	B03	182310759	182311099	+	341	17	8	0
Interval_590	B03	184068764	184068978	+	215	19	2	2
Interval_591	B03	184353815	184353971	+	157	11	0	0
Interval_592	B03	188440190	188440402	+	213	23	5	0
Interval_593	B03	188679610	188679766	+	157	16	3	0
Interval_594	B03	190158757	190159030	+	274	37	7	3
Interval_595	B03	190292155	190292339	+	185	10	0	0
Interval_596	B03	190362693	190362849	+	157	15	4	3
Interval_597	B03	193367730	193367888	+	159	12	1	0
Interval_598	B03	193803746	193803980	+	235	19	5	0
Interval_599	B03	195439881	195440041	+	161	14	0	0
Interval_600	B03	195695756	195695912	+	157	13	0	0
Interval_601	B03	197997960	197998158	+	199	12	0	0
Interval_602	B03	198273575	198273777	+	203	19	0	0
Interval_603	B03	198676685	198676884	+	200	16	0	2
Interval_604	B03	199395552	199395748	+	197	16	0	0
Interval_605	B03	199527724	199527906	+	183	19	5	2
Interval_606	B03	200456169	200456433	+	265	26	3	7
Interval_607	B03	201167967	201168148	+	182	10	0	0
Interval_608	B03	202168108	202168264	+	157	7	1	1
Interval_609	B03	202665443	202665634	+	192	13	10	0
Interval_610	B03	204249124	204249358	+	235	26	18	0
Interval_611	B03	204842900	204843092	+	193	14	7	0
Interval_612	B03	205435866	205436109	+	244	19	0	0
Interval_613	B03	205642759	205642997	+	239	8	13	0
Interval_614	B03	205889358	205889514	+	157	8	0	0
Interval_615	B03	206423798	206424018	+	221	17	0	0
Interval_616	B03	207299384	207299774	+	391	12	26	0
Interval_617	B03	207359486	207359687	+	202	22	0	0
Interval_618	B03	209797590	209797781	+	192	18	2	0
Interval_619	B03	210180980	210181237	+	258	25	0	0
Interval_620	B03	211312079	211312261	+	183	15	0	0
Interval_621	B03	213162307	213162540	+	234	25	13	0
Interval_622	B03	214348612	214348805	+	194	10	4	3
Interval_623	B03	214492926	214493131	+	206	3	5	4
Interval_624	B03	215618802	215619060	+	259	24	7	1
Interval_625	B03	215947769	215948054	+	286	42	23	0
Interval_626	B03	218483515	218483751	+	237	16	9	5
Interval_627	B03	219542963	219543124	+	162	15	6	0
Interval_628	B03	221280069	221280225	+	157	8	0	0
Interval_629	B03	221639965	221640123	+	159	23	15	0
Interval_630	B03	222099704	222099860	+	157	12	0	0
Interval_631	B03	223535985	223536188	+	204	21	2	1
Interval_632	B03	223828340	223828511	+	172	0	6	3
Interval_633	B03	224624242	224624427	+	186	23	7	1
Interval_634	B03	225664052	225664236	+	185	10	6	0
Interval_635	B03	226545263	226545462	+	200	14	0	0
Interval_636	B03	226547165	226547443	+	279	21	0	0
Interval_637	B03	226550974	226551368	+	395	24	0	0
Interval_638	B03	226680595	226680766	+	172	6	2	0
Interval_639	B03	228228523	228228763	+	241	15	4	0
Interval_640	B03	228319923	228320085	+	163	14	0	0
Interval_641	B03	233290807	233290994	+	188	13	0	0
Interval_642	B03	234798658	234798868	+	211	14	11	0
Interval_643	B04	3268510	3268724	+	215	13	23	0
Interval_644	B04	3789344	3789574	+	231	21	0	0
Interval_645	B04	4473633	4473898	+	266	35	0	0
Interval_646	B04	5463313	5463584	+	272	19	0	0
Interval_647	B04	5507783	5508021	+	239	14	0	0
Interval_648	B04	6137641	6137864	+	224	48	0	0
Interval_649	B04	6268236	6268429	+	194	13	0	0
Interval_650	B04	6282852	6283086	+	235	17	0	0
Interval_651	B04	6438831	6439087	+	257	30	0	0
Interval_652	B04	6547425	6547596	+	172	7	0	0
Interval_653	B04	6982386	6982558	+	173	14	1	1
Interval_654	B04	7040460	7040743	+	284	23	2	2
Interval_655	B04	7521492	7521694	+	203	13	0	0
Interval_656	B04	7924639	7924846	+	208	17	4	8
Interval_657	B04	7988644	7988856	+	213	12	0	0
Interval_658	B04	10526115	10526285	+	171	9	4	0
Interval_659	B04	11355746	11355921	+	176	11	5	1
Interval_660	B04	11579222	11579436	+	215	12	0	0
Interval_661	B04	11675759	11675996	+	238	16	0	0
Interval_662	B04	11856900	11857056	+	157	15	0	0
Interval_663	B04	12158911	12159129	+	219	18	0	0
Interval_664	B04	12309875	12310173	+	299	29	22	0
Interval_665	B04	14095682	14095838	+	157	8	0	0
Interval_666	B04	14140449	14140612	+	164	16	1	2
Interval_667	B04	15138610	15138861	+	252	16	4	0
Interval_668	B04	15154291	15154447	+	157	8	0	0
Interval_669	B04	16704862	16705082	+	221	12	0	0
Interval_670	B04	16828160	16828343	+	184	15	0	0
Interval_671	B04	17445002	17445194	+	193	2	8	0
Interval_672	B04	21164782	21165016	+	235	5	8	0
Interval_673	B04	22848293	22848511	+	219	15	0	0
Interval_674	B04	24071917	24072118	+	202	6	7	0
Interval_675	B04	24879515	24879924	+	410	34	0	0
Interval_676	B04	26177614	26177802	+	189	13	0	0
Interval_677	B04	27255720	27255909	+	190	32	0	0
Interval_678	B04	27799827	27800131	+	305	11	0	0
Interval_679	B04	29638812	29638968	+	157	12	10	0
Interval_680	B04	31739186	31739371	+	186	12	0	0
Interval_681	B04	33441689	33441950	+	262	33	1	0
Interval_682	B04	37857021	37857289	+	269	38	23	0
Interval_683	B04	38495301	38495874	+	574	37	0	0
Interval_684	B04	38797661	38797839	+	179	17	0	0
Interval_685	B04	40504609	40504765	+	157	14	2	4
Interval_686	B04	42781633	42781804	+	172	13	0	0
Interval_687	B04	48371527	48371849	+	323	17	5	0
Interval_688	B04	49685771	49685927	+	157	13	5	2
Interval_689	B04	51885372	51885617	+	246	27	0	0
Interval_690	B04	52327115	52327315	+	201	16	0	3
Interval_691	B04	52653458	52653614	+	157	10	0	0
Interval_692	B04	52736235	52736406	+	172	9	0	0
Interval_693	B04	52876184	52876420	+	237	16	0	0
Interval_694	B04	54208717	54208951	+	235	13	0	0
Interval_695	B04	54253453	54253644	+	192	14	0	0
Interval_696	B04	55153461	55153790	+	330	22	2	2
Interval_697	B04	55154174	55154502	+	329	35	0	0
Interval_698	B04	59135880	59136110	+	231	19	0	0
Interval_699	B04	60694808	60694974	+	167	18	0	0
Interval_700	B04	61381675	61381845	+	171	11	0	0
Interval_701	B04	62019145	62019335	+	191	8	3	3
Interval_702	B04	62590170	62590369	+	200	19	1	3
Interval_703	B04	65505113	65505306	+	194	22	0	0
Interval_704	B04	67238278	67238449	+	172	9	2	0
Interval_705	B04	68124353	68124509	+	157	17	0	0
Interval_706	B04	68974046	68974206	+	161	14	0	0
Interval_707	B04	69425949	69426119	+	171	23	3	3
Interval_708	B04	69900467	69900636	+	170	17	0	0
Interval_709	B04	70393319	70393475	+	157	11	5	1
Interval_710	B04	73553557	73553776	+	220	21	3	1
Interval_711	B04	77359480	77359685	+	206	13	0	1
Interval_712	B04	79572918	79573074	+	157	6	3	0
Interval_713	B04	80722271	80722427	+	157	13	0	0
Interval_714	B04	83495159	83495361	+	203	15	0	0
Interval_715	B04	84530863	84531129	+	267	14	0	0
Interval_716	B04	84767069	84767225	+	157	9	0	0
Interval_717	B04	85832315	85832471	+	157	9	2	2
Interval_718	B04	86984699	86984858	+	160	11	0	0
Interval_719	B04	88236862	88237046	+	185	13	12	0
Interval_720	B04	88597734	88597918	+	185	4	3	1
Interval_721	B04	91093278	91093720	+	443	64	47	0
Interval_722	B04	91094133	91094325	+	193	15	14	0
Interval_723	B04	100608337	100608570	+	234	22	0	0
Interval_724	B04	101914285	101914456	+	172	5	0	0
Interval_725	B04	102880562	102880773	+	212	10	3	0
Interval_726	B04	113829763	113829919	+	157	9	0	0
Interval_727	B04	114057184	114057397	+	214	22	9	0
Interval_728	B04	118653339	118653529	+	191	17	7	3
Interval_729	B04	120125105	120125261	+	157	12	0	0
Interval_730	B04	120127006	120127296	+	291	33	0	0
Interval_731	B04	124420961	124421130	+	170	21	0	0
Interval_732	B04	125206323	125206552	+	230	16	1	0
Interval_733	B04	126373089	126373431	+	343	22	9	10
Interval_734	B04	127287122	127287313	+	192	8	2	0
Interval_735	B04	128883708	128884050	+	343	16	0	0
Interval_736	B04	129540182	129540418	+	237	11	0	0
Interval_737	B04	132091013	132091279	+	267	36	0	0
Interval_738	B04	132704575	132704731	+	157	12	0	0
Interval_739	B04	133142064	133142244	+	181	14	3	2
Interval_740	B04	136366067	136366299	+	233	17	11	1
Interval_741	B04	138538823	138538991	+	169	11	0	0
Interval_742	B04	140374165	140374340	+	176	8	0	0
Interval_743	B04	144012160	144012551	+	392	29	20	0
Interval_744	B04	146271372	146271544	+	173	10	0	0
Interval_745	B04	147069655	147069825	+	171	17	0	0
Interval_746	B04	147141155	147141337	+	183	14	0	0
Interval_747	B04	148754834	148755087	+	254	34	17	9
Interval_748	B04	149956131	149956287	+	157	12	0	0
Interval_749	B04	151328249	151328420	+	172	11	0	3
Interval_750	B04	153697538	153697709	+	172	6	0	0
Interval_751	B04	155845542	155845831	+	290	22	23	0
Interval_752	B04	155950378	155950538	+	161	15	14	0
Interval_753	B04	157647850	157648114	+	265	11	11	0
Interval_754	B04	158531244	158531400	+	157	10	3	0
Interval_755	B04	161128626	161128839	+	214	16	9	0
Interval_756	B04	167044145	167044312	+	168	15	0	0
Interval_757	B04	167219259	167219425	+	167	19	0	0
Interval_758	B04	167227302	167227549	+	248	37	0	0
Interval_759	B04	170165263	170165488	+	226	19	0	0
Interval_760	B04	171124554	171124740	+	187	8	0	0
Interval_761	B04	173894466	173894624	+	159	10	0	0
Interval_762	B04	173922644	173922881	+	238	25	0	0
Interval_763	B04	174145990	174146244	+	255	19	0	0
Interval_764	B04	174922083	174922241	+	159	15	0	0
Interval_765	B04	175550396	175550658	+	263	11	0	0
Interval_766	B04	176968269	176968443	+	175	23	0	0
Interval_767	B04	177903162	177903403	+	242	15	0	0
Interval_768	B04	184923665	184923922	+	258	35	24	0
Interval_769	B04	186509141	186509430	+	290	26	5	0
Interval_770	B04	186605248	186605505	+	258	16	3	2
Interval_771	B04	187736752	187736968	+	217	15	0	0
Interval_772	B04	188394787	188395005	+	219	14	5	0
Interval_773	B04	188956451	188956607	+	157	6	0	0
Interval_774	B04	190896370	190896526	+	157	10	2	0
Interval_775	B04	193884376	193884553	+	178	15	2	5
Interval_776	B04	193884716	193884928	+	213	17	8	6
Interval_777	B04	194408410	194408576	+	167	9	2	0
Interval_778	B04	196994845	196995052	+	208	17	0	0
Interval_779	B04	198764712	198764935	+	224	18	0	0
Interval_780	B04	198765150	198765358	+	209	11	0	0
Interval_781	B04	199523556	199523734	+	179	8	0	0
Interval_782	B04	200691190	200691436	+	247	17	19	0
Interval_783	B04	201182241	201182412	+	172	13	10	0
Interval_784	B04	203121963	203122125	+	163	8	4	0
Interval_785	B04	203544088	203544247	+	160	17	14	0
Interval_786	B04	209381824	209381997	+	174	15	11	0
Interval_787	B04	209498471	209498630	+	160	19	3	4
Interval_788	B04	210721246	210721402	+	157	10	0	0
Interval_789	B04	213087225	213087459	+	235	11	4	1
Interval_790	B04	213620761	213620955	+	195	18	0	0
Interval_791	B04	220804664	220804834	+	171	8	0	0
Interval_792	B04	221818059	221818215	+	157	17	0	0
Interval_793	B04	222935957	222936113	+	157	28	8	0
Interval_794	B04	225231556	225231716	+	161	20	9	0
Interval_795	B04	226085472	226085653	+	182	13	12	0
Interval_796	B04	227079366	227079579	+	214	19	0	0
Interval_797	B04	229291265	229291421	+	157	9	1	0
Interval_798	B04	229888910	229889071	+	162	12	0	0
Interval_799	B04	230390098	230390301	+	204	19	13	0
Interval_800	B04	230402882	230403116	+	235	14	0	0
Interval_801	B04	230696243	230696435	+	193	14	5	0
Interval_802	B04	231193775	231193964	+	190	9	0	1
Interval_803	B04	231256004	231256322	+	319	25	10	13
Interval_804	B04	231561640	231561829	+	190	12	0	0
Interval_805	B04	233496813	233497217	+	405	32	26	9
Interval_806	B04	235515778	235515954	+	177	17	0	0
Interval_807	B04	235597706	235597868	+	163	10	0	0
Interval_808	B04	239610149	239610352	+	204	4	0	0
Interval_809	B04	239827152	239827308	+	157	10	5	0
Interval_810	B04	240386954	240387142	+	189	13	1	0
Interval_811	B04	241636010	241636202	+	193	19	0	0
Interval_812	B04	241814256	241814452	+	197	12	0	0
Interval_813	B04	242003241	242003397	+	157	8	0	0
Interval_814	B04	243839851	243840022	+	172	10	5	4
Interval_815	B04	245970453	245970702	+	250	16	23	0
Interval_816	B05	1059446	1059626	+	181	12	6	0
Interval_817	B05	1394536	1394822	+	287	36	0	0
Interval_818	B05	2448920	2449159	+	240	12	8	0
Interval_819	B05	3761329	3761608	+	280	27	20	0
Interval_820	B05	3774160	3774368	+	209	12	0	0
Interval_821	B05	4529095	4529275	+	181	19	14	0
Interval_822	B05	4882362	4882531	+	170	10	0	0
Interval_823	B05	4892657	4892942	+	286	39	10	0
Interval_824	B05	5994069	5994240	+	172	5	5	0
Interval_825	B05	6180634	6180845	+	212	20	20	0
Interval_826	B05	6575882	6576047	+	166	14	8	0
Interval_827	B05	7512454	7512739	+	286	21	19	0
Interval_828	B05	7915952	7916109	+	158	16	0	0
Interval_829	B05	10255647	10255869	+	223	24	7	9
Interval_830	B05	11704431	11704639	+	209	18	0	0
Interval_831	B05	11751560	11751840	+	281	34	11	14
Interval_832	B05	13421175	13421335	+	161	11	0	0
Interval_833	B05	16108012	16108168	+	157	11	4	2
Interval_834	B05	17030024	17030188	+	165	13	0	0
Interval_835	B05	17282586	17282756	+	171	19	0	0
Interval_836	B05	18056045	18056282	+	238	13	2	0
Interval_837	B05	19929396	19929554	+	159	16	0	0
Interval_838	B05	20303976	20304166	+	191	9	1	0
Interval_839	B05	20417190	20417449	+	260	16	8	0
Interval_840	B05	20556783	20556959	+	177	15	1	0
Interval_841	B05	20570736	20570942	+	207	14	11	0
Interval_842	B05	20832097	20832338	+	242	18	8	0
Interval_843	B05	21332353	21332524	+	172	5	0	0
Interval_844	B05	23314947	23315104	+	158	18	0	0
Interval_845	B05	23674026	23674190	+	165	12	0	0
Interval_846	B05	24236490	24236663	+	174	16	0	0
Interval_847	B05	27751322	27751478	+	157	8	2	3
Interval_848	B05	29700141	29700297	+	157	12	0	0
Interval_849	B05	31158459	31158664	+	206	12	1	3
Interval_850	B05	33055739	33055934	+	196	11	0	0
Interval_851	B05	33144960	33145118	+	159	10	0	0
Interval_852	B05	33599107	33599402	+	296	46	0	0
Interval_853	B05	34239688	34239875	+	188	16	0	0
Interval_854	B05	34396373	34396529	+	157	9	0	0
Interval_855	B05	35125898	35126085	+	188	19	0	1
Interval_856	B05	35725722	35725899	+	178	12	0	0
Interval_857	B05	37313047	37313374	+	328	20	2	0
Interval_858	B05	37918089	37918245	+	157	13	0	0
Interval_859	B05	38339563	38339725	+	163	20	1	1
Interval_860	B05	39462457	39462651	+	195	12	5	0
Interval_861	B05	39499831	39500086	+	256	23	9	0
Interval_862	B05	41314667	41314873	+	207	23	0	0
Interval_863	B05	42391750	42391906	+	157	7	0	0
Interval_864	B05	43032175	43032331	+	157	9	0	0
Interval_865	B05	43727876	43728112	+	237	21	0	0
Interval_866	B05	44506034	44506312	+	279	47	0	0
Interval_867	B05	44688725	44688930	+	206	16	0	0
Interval_868	B05	44702058	44702286	+	229	22	9	0
Interval_869	B05	46153445	46153639	+	195	12	0	0
Interval_870	B05	46915409	46915581	+	173	16	0	0
Interval_871	B05	51362041	51362197	+	157	8	0	0
Interval_872	B05	53716796	53716952	+	157	17	0	0
Interval_873	B05	56114191	56114347	+	157	10	0	0
Interval_874	B05	56503496	56503676	+	181	13	0	0
Interval_875	B05	59014000	59014276	+	277	24	0	0
Interval_876	B05	60499766	60499983	+	218	26	13	1
Interval_877	B05	64065116	64065365	+	250	21	0	0
Interval_878	B05	65401046	65401240	+	195	18	0	0
Interval_879	B05	65671074	65671266	+	193	21	2	0
Interval_880	B05	67315759	67315930	+	172	5	11	0
Interval_881	B05	67687491	67687668	+	178	8	2	0
Interval_882	B05	67856596	67856996	+	401	35	0	0
Interval_883	B05	71659017	71659342	+	326	30	25	0
Interval_884	B05	75188525	75188683	+	159	13	0	0
Interval_885	B05	75258436	75258621	+	186	16	4	3
Interval_886	B05	75367480	75367770	+	291	26	0	0
Interval_887	B05	75384079	75384272	+	194	17	0	0
Interval_888	B05	76963385	76963626	+	242	24	3	15
Interval_889	B05	77105595	77105754	+	160	18	1	5
Interval_890	B05	81787648	81787979	+	332	52	0	0
Interval_891	B05	82439984	82440183	+	200	13	0	0
Interval_892	B05	83005743	83005958	+	216	17	9	0
Interval_893	B05	86121618	86121774	+	157	10	3	0
Interval_894	B05	88720012	88720238	+	227	12	1	1
Interval_895	B05	90750900	90751059	+	160	13	8	0
Interval_896	B05	90963342	90963528	+	187	15	0	0
Interval_897	B05	92916157	92916489	+	333	16	14	0
Interval_898	B05	95087451	95087636	+	186	15	12	0
Interval_899	B05	95406040	95406196	+	157	7	0	0
Interval_900	B05	95525822	95526049	+	228	21	0	0
Interval_901	B05	96019576	96019747	+	172	8	3	1
Interval_902	B05	99345314	99345489	+	176	10	0	0
Interval_903	B05	99346356	99346527	+	172	4	5	1
Interval_904	B05	103719071	103719270	+	200	21	0	0
Interval_905	B05	111144701	111144903	+	203	16	0	0
Interval_906	B05	117687744	117687915	+	172	18	0	0
Interval_907	B05	118622393	118622608	+	216	11	0	0
Interval_908	B05	118851956	118852189	+	234	14	0	0
Interval_909	B05	120351520	120351695	+	176	8	0	0
Interval_910	B05	121759402	121759601	+	200	14	0	0
Interval_911	B05	121760101	121760532	+	432	39	0	0
Interval_912	B05	123452916	123453080	+	165	17	0	0
Interval_913	B05	126264635	126264791	+	157	11	0	0
Interval_914	B05	126267014	126267170	+	157	8	0	0
Interval_915	B05	126404475	126404678	+	204	7	0	0
Interval_916	B05	129890064	129890343	+	280	44	0	0
Interval_917	B05	130380818	130381031	+	214	14	0	0
Interval_918	B05	130914762	130914960	+	199	14	0	0
Interval_919	B05	130916400	130916725	+	326	50	0	0
Interval_920	B05	132495601	132495783	+	183	11	0	0
Interval_921	B05	132612765	132612921	+	157	11	0	0
Interval_922	B05	133561561	133561809	+	249	27	0	0
Interval_923	B05	133997529	133997706	+	178	17	0	0
Interval_924	B05	135309064	135309235	+	172	5	8	2
Interval_925	B05	136514988	136515226	+	239	16	0	0
Interval_926	B05	138740486	138740642	+	157	8	1	2
Interval_927	B05	140104891	140105047	+	157	7	0	0
Interval_928	B05	140274483	140274679	+	197	23	0	0
Interval_929	B05	142167046	142167234	+	189	11	0	0
Interval_930	B05	142494549	142494705	+	157	9	0	0
Interval_931	B05	142576627	142576814	+	188	24	0	0
Interval_932	B05	143202377	143202533	+	157	12	0	0
Interval_933	B05	143690011	143690167	+	157	15	0	0
Interval_934	B05	144629537	144629708	+	172	11	0	0
Interval_935	B05	144631097	144631384	+	288	20	0	0
Interval_936	B05	147344770	147345133	+	364	22	18	0
Interval_937	B05	147345490	147345652	+	163	10	3	0
Interval_938	B05	150675564	150675799	+	236	14	13	0
Interval_939	B05	151409149	151409416	+	268	28	10	7
Interval_940	B05	153408081	153408249	+	169	14	0	0
Interval_941	B05	153838555	153838942	+	388	35	18	13
Interval_942	B05	156274971	156275167	+	197	30	28	0
Interval_943	B05	158089787	158089960	+	174	10	1	3
Interval_944	B05	160203991	160204186	+	196	18	0	0
Interval_945	B05	160746427	160746640	+	214	16	12	0
Interval_946	B05	161276194	161276409	+	216	15	0	0
Interval_947	B05	163223525	163223726	+	202	21	0	0
Interval_948	B05	163560326	163560529	+	204	16	0	0
Interval_949	B05	164718302	164718473	+	172	8	1	1
Interval_950	B05	165102652	165102885	+	234	13	11	0
Interval_951	B05	165343616	165343877	+	262	13	2	0
Interval_952	B05	165788407	165788585	+	179	18	0	0
Interval_953	B05	166959983	166960193	+	211	9	6	0
Interval_954	B05	167112861	167113081	+	221	22	2	0
Interval_955	B05	167604342	167604670	+	329	29	7	10
Interval_956	B05	167688327	167688524	+	198	14	2	0
Interval_957	B05	168388992	168389148	+	157	7	3	0
Interval_958	B05	168616708	168616918	+	211	18	6	1
Interval_959	B05	168714698	168714869	+	172	5	0	0
Interval_960	B05	168999511	168999685	+	175	14	0	0
Interval_961	B05	169880102	169880491	+	390	28	4	0
Interval_962	B05	170425233	170425483	+	251	16	21	0
Interval_963	B05	170425922	170426125	+	204	17	8	0
Interval_964	B05	171227395	171227553	+	159	9	0	0
Interval_965	B05	172050912	172051083	+	172	6	4	0
Interval_966	B05	173756469	173756633	+	165	10	1	0
Interval_967	B05	174145518	174145742	+	225	19	11	2
Interval_968	B05	175349963	175350184	+	222	13	7	2
Interval_969	B05	177268776	177269014	+	239	22	0	0
Interval_970	B05	178269329	178269502	+	174	12	6	0
Interval_971	B05	180105970	180106126	+	157	8	0	0
Interval_972	B05	182242886	182243046	+	161	10	11	0
Interval_973	B05	182317453	182317665	+	213	19	4	0
Interval_974	B05	183014825	183014981	+	157	10	2	3
Interval_975	B05	186378058	186378315	+	258	6	10	5
Interval_976	B05	186667121	186667310	+	190	17	10	0
Interval_977	B05	186707634	186707902	+	269	29	0	0
Interval_978	B05	186708067	186708223	+	157	14	0	0
Interval_979	B05	186776527	186776746	+	220	20	0	0
Interval_980	B05	187598824	187598993	+	170	12	2	1
Interval_981	B05	187783890	187784071	+	182	19	2	4
Interval_982	B05	188539277	188539433	+	157	14	0	0
Interval_983	B05	190096719	190096899	+	181	15	0	0
Interval_984	B05	190567790	190568009	+	220	19	0	0
Interval_985	B05	191143293	191143463	+	171	19	0	0
Interval_986	B05	192376257	192376462	+	206	33	0	0
Interval_987	B05	192378730	192378954	+	225	76	0	0
Interval_988	B05	194079216	194079372	+	157	18	0	0
Interval_989	B05	195845259	195845431	+	173	8	3	4
Interval_990	B05	196416284	196416453	+	170	15	0	0
Interval_991	B05	197588056	197588212	+	157	9	0	0
Interval_992	B05	197816254	197816437	+	184	25	10	26
Interval_993	B05	198583832	198584129	+	298	51	20	0
Interval_994	B05	199265454	199265715	+	262	25	13	0
Interval_995	B05	199541610	199541900	+	291	30	9	11
Interval_996	B05	199954187	199954358	+	172	2	5	0
Interval_997	B05	201009243	201009403	+	161	15	13	0
Interval_998	B05	201751294	201751505	+	212	22	0	0
Interval_999	B05	202855947	202856103	+	157	12	3	0
Interval_1000	B05	204349808	204349964	+	157	10	0	0
Interval_1001	B05	204929677	204929833	+	157	9	0	0
Interval_1002	B05	205848251	205848450	+	200	17	2	0
Interval_1003	B05	205853654	205853814	+	161	11	1	0
Interval_1004	B05	206136007	206136250	+	244	17	0	0
Interval_1005	B05	207857607	207857832	+	226	12	14	0
Interval_1006	B05	211340149	211340361	+	213	21	0	0
Interval_1007	B05	211351348	211351526	+	179	18	0	0
Interval_1008	B05	211874621	211874838	+	218	15	0	0
Interval_1009	B05	212567809	212567977	+	169	11	0	0
Interval_1010	B05	212776019	212776190	+	172	7	0	0
Interval_1011	B05	213494332	213494488	+	157	17	0	0
Interval_1012	B05	214042600	214042756	+	157	10	0	0
Interval_1013	B05	216010111	216010353	+	243	15	1	0
Interval_1014	B05	217335320	217335500	+	181	17	2	0
Interval_1015	B05	218134964	218135195	+	232	18	5	1
Interval_1016	B05	219395320	219395570	+	251	12	5	0
Interval_1017	B05	221329661	221329861	+	201	18	9	0
Interval_1018	B06	1989478	1989815	+	338	27	16	0
Interval_1019	B06	7133835	7133991	+	157	13	11	0
Interval_1020	B06	8438810	8438966	+	157	8	0	0
Interval_1021	B06	9111306	9111490	+	185	10	0	0
Interval_1022	B06	9876564	9876735	+	172	6	8	0
Interval_1023	B06	14883751	14883907	+	157	10	0	0
Interval_1024	B06	17434878	17435100	+	223	38	0	0
Interval_1025	B06	19439578	19439812	+	235	24	18	0
Interval_1026	B06	20284984	20285145	+	162	21	0	0
Interval_1027	B06	20543539	20543695	+	157	16	8	0
Interval_1028	B06	21345246	21345544	+	299	13	2	0
Interval_1029	B06	22359499	22359698	+	200	8	0	0
Interval_1030	B06	23571877	23572166	+	290	4	6	0
Interval_1031	B06	23735758	23735948	+	191	10	0	0
Interval_1032	B06	24611798	24612083	+	286	23	0	0
Interval_1033	B06	24677713	24677980	+	268	40	0	0
Interval_1034	B06	24760240	24760467	+	228	27	0	0
Interval_1035	B06	25655982	25656211	+	230	23	18	2
Interval_1036	B06	25983647	25983837	+	191	13	6	0
Interval_1037	B06	27213971	27214468	+	498	21	2	1
Interval_1038	B06	31070934	31071090	+	157	10	1	0
Interval_1039	B06	32344127	32344299	+	173	10	0	0
Interval_1040	B06	32785930	32786167	+	238	8	2	0
Interval_1041	B06	33094802	33094970	+	169	10	3	0
Interval_1042	B06	33260222	33260486	+	265	6	1	1
Interval_1043	B06	41783556	41783735	+	180	23	0	0
Interval_1044	B06	42063439	42063770	+	332	36	2	2
Interval_1045	B06	46977198	46977354	+	157	9	0	0
Interval_1046	B06	53386595	53386869	+	275	27	0	0
Interval_1047	B06	56758022	56758178	+	157	12	1	0
Interval_1048	B06	59982342	59982630	+	289	29	3	3
Interval_1049	B06	60269060	60269231	+	172	11	3	0
Interval_1050	B06	63517470	63517700	+	231	3	0	0
Interval_1051	B06	64153887	64154043	+	157	9	5	1
Interval_1052	B06	64941098	64941367	+	270	11	7	5
Interval_1053	B06	71129399	71129627	+	229	24	36	0
Interval_1054	B06	71691052	71691208	+	157	15	2	0
Interval_1055	B06	72919048	72919237	+	190	13	0	0
Interval_1056	B06	76607451	76607674	+	224	18	5	0
Interval_1057	B06	77175417	77175656	+	240	20	0	0
Interval_1058	B06	77882444	77882661	+	218	17	0	0
Interval_1059	B06	78653725	78653942	+	218	10	5	1
Interval_1060	B06	82479915	82480127	+	213	29	10	0
Interval_1061	B06	85020948	85021120	+	173	15	2	0
Interval_1062	B06	85105438	85105594	+	157	12	0	0
Interval_1063	B06	86449167	86449354	+	188	12	0	0
Interval_1064	B06	94746478	94746634	+	157	8	0	0
Interval_1065	B06	99011488	99011659	+	172	8	0	0
Interval_1066	B06	100729242	100729496	+	255	14	0	0
Interval_1067	B06	101454991	101455264	+	274	27	14	1
Interval_1068	B06	106386562	106386893	+	332	26	15	1
Interval_1069	B06	108074525	108074722	+	198	11	0	0
Interval_1070	B06	108997063	108997266	+	204	10	11	0
Interval_1071	B06	109840624	109840791	+	168	12	0	2
Interval_1072	B06	112278863	112279047	+	185	22	6	0
Interval_1073	B06	112858598	112858755	+	158	21	0	0
Interval_1074	B06	113968872	113969043	+	172	13	0	0
Interval_1075	B06	114056866	114057047	+	182	4	0	0
Interval_1076	B06	114067442	114067670	+	229	22	0	0
Interval_1077	B06	114427926	114428118	+	193	4	0	0
Interval_1078	B06	119266110	119266266	+	157	14	5	2
Interval_1079	B06	120194600	120194817	+	218	22	17	0
Interval_1080	B06	122129906	122130077	+	172	13	7	0
Interval_1081	B06	122684040	122684218	+	179	18	10	0
Interval_1082	B06	123785137	123785308	+	172	19	7	0
Interval_1083	B06	124430403	124430589	+	187	9	8	0
Interval_1084	B06	125417177	125417408	+	232	21	6	0
Interval_1085	B06	126459705	126459869	+	165	10	3	0
Interval_1086	B06	126850135	126850345	+	211	19	0	0
Interval_1087	B06	127318137	127318491	+	355	40	13	0
Interval_1088	B06	129756625	129756815	+	191	13	0	0
Interval_1089	B06	129985353	129985509	+	157	9	0	0
Interval_1090	B06	131581132	131581550	+	419	34	23	4
Interval_1091	B06	131581941	131582283	+	343	27	5	3
Interval_1092	B06	131706979	131707173	+	195	6	0	3
Interval_1093	B06	133282181	133282464	+	284	29	0	0
Interval_1094	B06	133819028	133819193	+	166	8	0	0
Interval_1095	B06	134109789	134110272	+	484	31	3	0
Interval_1096	B06	134339899	134340149	+	251	25	0	0
Interval_1097	B06	135518047	135518217	+	171	10	3	0
Interval_1098	B06	136320995	136321151	+	157	10	0	1
Interval_1099	B06	137001069	137001303	+	235	16	1	0
Interval_1100	B06	137543603	137543834	+	232	12	20	0
Interval_1101	B06	137899145	137899520	+	376	23	6	0
Interval_1102	B06	138675932	138676103	+	172	4	10	0
Interval_1103	B06	139210244	139210449	+	206	13	4	0
Interval_1104	B06	139230352	139230508	+	157	11	10	0
Interval_1105	B06	139910167	139910341	+	175	20	11	0
Interval_1106	B06	142807873	142808138	+	266	19	0	0
Interval_1107	B06	143313649	143313883	+	235	23	0	0
Interval_1108	B06	143348540	143348740	+	201	17	4	0
Interval_1109	B06	144783307	144783463	+	157	13	3	0
Interval_1110	B06	144783987	144784179	+	193	17	9	0
Interval_1111	B06	144859153	144859375	+	223	12	10	0
Interval_1112	B06	144961767	144961938	+	172	24	0	0
Interval_1113	B06	147222186	147222375	+	190	26	19	0
Interval_1114	B06	149777922	149778078	+	157	14	6	0
Interval_1115	B06	151328365	151328562	+	198	10	3	0
Interval_1116	B06	151415921	151416104	+	184	18	0	0
Interval_1117	B06	151481123	151481299	+	177	13	6	0
Interval_1118	B06	151581309	151581479	+	171	10	7	0
Interval_1119	B06	152483816	152483989	+	174	11	0	0
Interval_1120	B06	152488510	152488684	+	175	20	0	0
Interval_1121	B06	152591114	152591309	+	196	14	0	0
Interval_1122	B06	153342881	153343056	+	176	12	0	0
Interval_1123	B06	154383874	154384067	+	194	9	5	0
Interval_1124	B06	156646617	156646773	+	157	10	1	2
Interval_1125	B06	158242064	158242344	+	281	38	0	0
Interval_1126	B06	158320067	158320458	+	392	37	5	14
Interval_1127	B06	158919445	158919738	+	294	17	0	0
Interval_1128	B06	161276559	161276828	+	270	34	16	0
Interval_1129	B06	162526155	162526445	+	291	24	24	0
Interval_1130	B06	162571065	162571244	+	180	16	1	0
Interval_1131	B06	163758300	163758516	+	217	11	21	0
Interval_1132	B06	163764615	163764829	+	215	26	11	0
Interval_1133	B06	163868289	163868489	+	201	14	0	0
Interval_1134	B06	164772635	164772791	+	157	7	6	0
Interval_1135	B06	165532477	165532663	+	187	17	0	0
Interval_1136	B06	165626139	165626338	+	200	29	0	0
Interval_1137	B06	166482284	166482440	+	157	13	0	0
Interval_1138	B06	167710689	167710854	+	166	19	15	0
Interval_1139	B06	167807937	167808119	+	183	10	0	0
Interval_1140	B06	167880657	167880822	+	166	12	11	0
Interval_1141	B06	168198847	168199079	+	233	26	8	0
Interval_1142	B06	169302861	169303079	+	219	26	0	0
Interval_1143	B06	169447123	169447294	+	172	19	0	0
Interval_1144	B06	169452448	169452604	+	157	18	0	0
Interval_1145	B06	171967943	171968270	+	328	15	0	0
Interval_1146	B06	171978851	171979022	+	172	7	0	0
Interval_1147	B06	173326986	173327211	+	226	19	6	0
Interval_1148	B07	433803	433959	+	157	12	0	0
Interval_1149	B07	493737	493908	+	172	10	14	0
Interval_1150	B07	3302879	3303044	+	166	12	0	0
Interval_1151	B07	3429194	3429384	+	191	10	11	0
Interval_1152	B07	3514640	3514811	+	172	5	4	0
Interval_1153	B07	3755889	3756097	+	209	18	0	0
Interval_1154	B07	3973693	3973849	+	157	8	1	0
Interval_1155	B07	4004922	4005175	+	254	2	7	0
Interval_1156	B07	7503906	7504087	+	182	10	5	0
Interval_1157	B07	8755694	8755901	+	208	14	6	0
Interval_1158	B07	10118949	10119105	+	157	14	0	0
Interval_1159	B07	11974832	11975151	+	320	21	30	0
Interval_1160	B07	12169866	12170065	+	200	20	0	0
Interval_1161	B07	12245715	12245887	+	173	9	0	0
Interval_1162	B07	14879449	14879605	+	157	9	4	0
Interval_1163	B07	15105429	15105621	+	193	4	10	0
Interval_1164	B07	15666928	15667157	+	230	15	4	0
Interval_1165	B07	15695686	15695906	+	221	17	2	0
Interval_1166	B07	15809297	15809512	+	216	21	10	0
Interval_1167	B07	20083667	20083846	+	180	21	9	0
Interval_1168	B07	21150236	21150392	+	157	9	7	0
Interval_1169	B07	21151561	21151737	+	177	9	0	0
Interval_1170	B07	22967537	22967936	+	400	14	19	0
Interval_1171	B07	23476140	23476352	+	213	13	0	0
Interval_1172	B07	23535293	23535449	+	157	9	3	0
Interval_1173	B07	24365544	24365766	+	223	16	11	0
Interval_1174	B07	24929126	24929304	+	179	11	0	0
Interval_1175	B07	28464400	28464605	+	206	16	0	0
Interval_1176	B07	29973648	29973804	+	157	9	4	0
Interval_1177	B07	30142266	30142423	+	158	15	0	0
Interval_1178	B07	30212634	30212875	+	242	18	0	0
Interval_1179	B07	31881535	31881807	+	273	23	10	0
Interval_1180	B07	33875425	33875612	+	188	16	18	0
Interval_1181	B07	35649136	35649292	+	157	14	0	0
Interval_1182	B07	36686763	36687026	+	264	24	0	0
Interval_1183	B07	38025108	38025269	+	162	13	0	0
Interval_1184	B07	41649390	41649606	+	217	17	4	0
Interval_1185	B07	41798657	41798836	+	180	22	1	0
Interval_1186	B07	42630866	42631105	+	240	17	0	0
Interval_1187	B07	42855602	42855839	+	238	23	0	0
Interval_1188	B07	43913392	43913548	+	157	9	10	0
Interval_1189	B07	44524507	44524703	+	197	14	0	0
Interval_1190	B07	47775234	47775558	+	325	23	3	0
Interval_1191	B07	48005416	48005930	+	515	20	13	0
Interval_1192	B07	48082744	48082915	+	172	12	10	0
Interval_1193	B07	48873544	48873704	+	161	15	4	0
Interval_1194	B07	50294604	50294940	+	337	14	0	0
Interval_1195	B07	50313018	50313468	+	451	29	0	0
Interval_1196	B07	51339062	51339223	+	162	15	0	0
Interval_1197	B07	54077038	54077218	+	181	13	1	0
Interval_1198	B07	54532938	54533138	+	201	10	2	0
Interval_1199	B07	54750908	54751138	+	231	12	0	0
Interval_1200	B07	55891608	55891823	+	216	8	0	0
Interval_1201	B07	56523595	56523751	+	157	12	0	0
Interval_1202	B07	60545409	60545566	+	158	10	0	0
Interval_1203	B07	65231164	65231423	+	260	17	0	0
Interval_1204	B07	67191516	67191731	+	216	12	2	0
Interval_1205	B07	70604966	70605551	+	586	48	11	0
Interval_1206	B07	80604957	80605113	+	157	10	0	0
Interval_1207	B07	80973995	80974194	+	200	12	0	0
Interval_1208	B07	81057831	81058088	+	258	21	12	0
Interval_1209	B07	81851071	81851227	+	157	13	1	0
Interval_1210	B07	84204394	84204614	+	221	22	0	0
Interval_1211	B07	85869443	85869665	+	223	20	14	0
Interval_1212	B07	86567846	86568017	+	172	5	0	0
Interval_1213	B07	87465740	87465913	+	174	15	10	0
Interval_1214	B07	88111701	88111953	+	253	11	6	0
Interval_1215	B07	98999718	98999874	+	157	14	6	0
Interval_1216	B07	100822410	100822691	+	282	15	0	0
Interval_1217	B07	102776845	102777097	+	253	7	14	0
Interval_1218	B07	104298529	104298688	+	160	18	0	0
Interval_1219	B07	105966599	105966824	+	226	16	0	0
Interval_1220	B07	107064745	107065208	+	464	19	2	0
Interval_1221	B07	109603274	109603478	+	205	28	6	12
Interval_1222	B07	110250078	110250234	+	157	11	9	0
Interval_1223	B07	110854713	110854905	+	193	11	1	3
Interval_1224	B07	111136729	111136962	+	234	16	0	0
Interval_1225	B07	113873412	113873568	+	157	12	1	0
Interval_1226	B07	115648415	115648679	+	265	23	0	0
Interval_1227	B07	116461565	116461726	+	162	17	0	0
Interval_1228	B07	118698494	118698817	+	324	24	15	3
Interval_1229	B07	126361227	126361390	+	164	11	0	0
Interval_1230	B07	126455863	126456107	+	245	24	1	0
Interval_1231	B07	127020170	127020391	+	222	13	3	0
Interval_1232	B07	127591915	127592120	+	206	16	11	0
Interval_1233	B07	129877189	129877418	+	230	1	2	0
Interval_1234	B07	132655456	132655613	+	158	12	1	0
Interval_1235	B07	132861755	132861998	+	244	18	11	1
Interval_1236	B07	133234680	133234856	+	177	18	3	3
Interval_1237	B07	137360126	137360299	+	174	5	3	0
Interval_1238	B07	139027432	139027588	+	157	14	2	0
Interval_1239	B07	140686140	140686302	+	163	22	0	0
Interval_1240	B07	142150302	142150472	+	171	18	0	0
Interval_1241	B07	145159692	145159888	+	197	10	3	0
Interval_1242	B07	145825772	145825945	+	174	13	0	0
Interval_1243	B07	147325835	147326017	+	183	16	0	0
Interval_1244	B07	148060531	148060687	+	157	13	1	1
Interval_1245	B07	148366682	148366976	+	295	55	0	0
Interval_1246	B07	151200093	151200249	+	157	10	3	0
Interval_1247	B07	152335474	152335858	+	385	28	0	0
Interval_1248	B07	154341957	154342189	+	233	20	0	0
Interval_1249	B07	154997368	154997524	+	157	11	2	1
Interval_1250	B07	155414654	155414820	+	167	14	6	0
Interval_1251	B07	155529282	155529463	+	182	17	0	0
Interval_1252	B07	158646815	158647050	+	236	21	15	0
Interval_1253	B07	159164254	159164420	+	167	15	5	0
Interval_1254	B07	160279053	160279301	+	249	17	0	0
Interval_1255	B07	161662189	161662353	+	165	10	0	0
Interval_1256	B07	162187818	162187996	+	179	21	0	0
Interval_1257	B07	163718209	163718394	+	186	24	5	7
Interval_1258	B07	165259591	165259799	+	209	33	0	0
Interval_1259	B07	165274545	165274733	+	189	12	2	0
Interval_1260	B07	165729403	165729579	+	177	18	3	5
Interval_1261	B07	165771716	165772057	+	342	31	27	0
Interval_1262	B07	166384930	166385152	+	223	20	4	7
Interval_1263	B07	166479310	166479583	+	274	22	0	0
Interval_1264	B07	167503627	167503845	+	219	12	0	0
Interval_1265	B07	167694803	167695036	+	234	13	8	0
Interval_1266	B07	167946888	167947085	+	198	11	4	0
Interval_1267	B07	168315271	168315434	+	164	13	0	0
Interval_1268	B07	169113235	169113391	+	157	12	8	0
Interval_1269	B07	169114425	169114596	+	172	2	5	5
Interval_1270	B07	169504987	169505259	+	273	10	5	5
Interval_1271	B07	170585385	170585541	+	157	10	0	0
Interval_1272	B07	170591361	170591531	+	171	19	1	3
Interval_1273	B07	172791322	172791641	+	320	18	0	0
Interval_1274	B07	174458905	174459112	+	208	12	6	0
Interval_1275	B07	175186453	175186645	+	193	10	0	0
Interval_1276	B07	175342459	175342617	+	159	10	0	0
Interval_1277	B07	175902675	175902873	+	199	17	6	1
Interval_1278	B07	178285849	178286077	+	229	12	0	0
Interval_1279	B07	178407822	178407978	+	157	11	0	0
Interval_1280	B07	178420465	178420760	+	296	26	0	0
Interval_1281	B07	180446807	180447039	+	233	12	0	0
Interval_1282	B08	259561	259717	+	157	10	0	0
Interval_1283	B08	5519930	5520109	+	180	13	6	1
Interval_1284	B08	7609200	7609362	+	163	11	0	0
Interval_1285	B08	7720921	7721110	+	190	11	3	0
Interval_1286	B08	8093741	8093897	+	157	13	2	0
Interval_1287	B08	8281031	8281202	+	172	5	0	0
Interval_1288	B08	13254449	13254673	+	225	20	0	3
Interval_1289	B08	14367979	14368210	+	232	29	0	0
Interval_1290	B08	15865835	15865991	+	157	11	0	0
Interval_1291	B08	21236552	21236796	+	245	14	0	0
Interval_1292	B08	23644810	23644983	+	174	15	0	0
Interval_1293	B08	25119608	25119832	+	225	22	0	0
Interval_1294	B08	28253120	28253404	+	285	11	0	0
Interval_1295	B08	30236775	30236958	+	184	15	0	0
Interval_1296	B08	34820451	34820607	+	157	17	0	0
Interval_1297	B08	37719850	37720012	+	163	13	0	0
Interval_1298	B08	38266800	38267001	+	202	22	0	0
Interval_1299	B08	39322503	39322858	+	356	28	20	0
Interval_1300	B08	45000023	45000259	+	237	20	0	0
Interval_1301	B08	45256621	45256914	+	294	26	0	0
Interval_1302	B08	45262555	45262807	+	253	21	0	0
Interval_1303	B08	46824844	46825000	+	157	9	0	0
Interval_1304	B08	47911120	47911278	+	159	21	0	0
Interval_1305	B08	49832000	49832156	+	157	9	0	0
Interval_1306	B08	54452888	54453175	+	288	18	2	12
Interval_1307	B08	55101451	55101630	+	180	17	0	0
Interval_1308	B08	58291798	58292026	+	229	28	1	0
Interval_1309	B08	61320028	61320296	+	269	8	12	1
Interval_1310	B08	62171796	62171995	+	200	19	2	0
Interval_1311	B08	63650925	63651081	+	157	12	0	0
Interval_1312	B08	64903483	64903678	+	196	14	0	0
Interval_1313	B08	68044973	68045144	+	172	5	0	0
Interval_1314	B08	70181160	70181321	+	162	10	0	0
Interval_1315	B08	71654994	71655219	+	226	24	2	0
Interval_1316	B08	72533549	72533713	+	165	8	1	0
Interval_1317	B08	79493051	79493441	+	391	26	4	0
Interval_1318	B08	81495617	81495787	+	171	12	0	0
Interval_1319	B08	82097056	82097217	+	162	13	0	0
Interval_1320	B08	88060758	88060914	+	157	8	0	0
Interval_1321	B08	88831786	88831942	+	157	8	2	0
Interval_1322	B08	91900290	91900469	+	180	15	0	0
Interval_1323	B08	96084668	96084874	+	207	12	0	0
Interval_1324	B08	98892649	98892917	+	269	20	1	0
Interval_1325	B08	98944987	98945157	+	171	14	0	0
Interval_1326	B08	106555479	106555749	+	271	19	4	2
Interval_1327	B08	107002803	107003084	+	282	31	30	0
Interval_1328	B08	109774987	109775200	+	214	15	0	0
Interval_1329	B08	110083894	110084081	+	188	17	2	1
Interval_1330	B08	111247649	111247806	+	158	14	0	0
Interval_1331	B08	111481725	111481883	+	159	16	0	0
Interval_1332	B08	112151656	112151812	+	157	13	0	0
Interval_1333	B08	112156230	112156403	+	174	13	0	0
Interval_1334	B08	113762922	113763095	+	174	9	5	0
Interval_1335	B08	121017154	121017342	+	189	18	1	7
Interval_1336	B08	121572274	121572448	+	175	16	0	0
Interval_1337	B08	124476917	124477137	+	221	6	0	0
Interval_1338	B08	127151613	127151778	+	166	9	10	3
Interval_1339	B08	129183069	129183225	+	157	10	2	0
Interval_1340	B08	131991368	131991524	+	157	19	6	0
Interval_1341	B08	132361375	132361567	+	193	22	0	0
Interval_1342	B08	132713917	132714073	+	157	12	0	0
Interval_1343	B08	132913283	132913494	+	212	5	8	3
Interval_1344	B08	134052483	134052736	+	254	23	6	3
Interval_1345	B08	135947799	135947985	+	187	13	0	2
Interval_1346	B08	136212826	136213090	+	265	12	3	1
Interval_1347	B08	139884464	139884655	+	192	12	2	0
Interval_1348	B08	140254089	140254300	+	212	26	0	0
Interval_1349	B08	144156895	144157066	+	172	9	8	0
Interval_1350	B08	144287079	144287237	+	159	22	4	4
Interval_1351	B08	146538936	146539170	+	235	15	4	2
Interval_1352	B08	146959667	146959931	+	265	40	0	0
Interval_1353	B08	147773780	147773936	+	157	9	0	0
Interval_1354	B08	149791551	149791713	+	163	14	0	0
Interval_1355	B08	150247097	150247315	+	219	18	0	0
Interval_1356	B08	151815695	151815979	+	285	17	0	0
Interval_1357	B08	151816971	151817150	+	180	10	0	0
Interval_1358	B08	152824941	152825097	+	157	20	0	0
Interval_1359	B08	153130662	153130821	+	160	13	0	0
Interval_1360	B08	153721260	153721431	+	172	15	0	0
Interval_1361	B08	155337037	155337208	+	172	9	0	0
Interval_1362	B08	155611310	155611546	+	237	22	0	0
Interval_1363	B08	155878904	155879077	+	174	16	0	0
Interval_1364	B08	156083072	156083235	+	164	16	0	0
Interval_1365	B08	157151332	157151568	+	237	21	0	0
Interval_1366	B08	157169536	157169773	+	238	20	0	0
Interval_1367	B08	158263098	158263297	+	200	12	0	0
Interval_1368	B08	158311088	158311304	+	217	26	0	0
Interval_1369	B08	159096641	159096913	+	273	35	0	0
Interval_1370	B08	160282552	160282789	+	238	10	0	0
Interval_1371	B08	161167503	161167702	+	200	3	0	0
Interval_1372	B08	165155576	165155732	+	157	14	16	0
Interval_1373	B08	166378937	166379133	+	197	16	0	0
Interval_1374	B08	166539733	166539941	+	209	14	10	0
Interval_1375	B08	166858942	166859165	+	224	19	23	0
Interval_1376	B08	167189628	167189892	+	265	22	0	0
Interval_1377	B08	168122920	168123150	+	231	22	10	0
Interval_1378	B08	168539480	168539712	+	233	18	0	0
Interval_1379	B08	170789193	170789382	+	190	14	6	0
Interval_1380	B08	171780972	171781128	+	157	7	0	0
Interval_1381	B08	171971389	171971623	+	235	8	0	0
Interval_1382	B08	172373527	172373794	+	268	11	3	0
Interval_1383	B08	173248947	173249120	+	174	10	0	0
Interval_1384	B08	173506558	173506776	+	219	6	0	0
Interval_1385	B08	174239373	174239607	+	235	14	8	0
Interval_1386	B08	174325707	174325901	+	195	13	1	0
Interval_1387	B08	175183949	175184146	+	198	22	0	0
Interval_1388	B08	175553827	175553989	+	163	11	4	0
Interval_1389	B08	176089703	176089892	+	190	17	0	0
Interval_1390	B08	176844106	176844271	+	166	20	16	0
Interval_1391	B08	177300587	177300755	+	169	18	0	0
Interval_1392	B08	178007155	178007355	+	201	15	5	0
Interval_1393	B08	179645653	179645833	+	181	18	2	0
Interval_1394	B08	179770087	179770255	+	169	16	0	0
Interval_1395	B08	180567500	180567727	+	228	23	15	0
Interval_1396	B08	180740601	180740757	+	157	12	0	0
Interval_1397	B08	181007040	181007208	+	169	12	0	0
Interval_1398	B09	672739	672934	+	196	14	7	0
Interval_1399	B09	873657	873863	+	207	11	0	0
Interval_1400	B09	1055252	1055520	+	269	7	1	1
Interval_1401	B09	1458031	1458192	+	162	18	11	0
Interval_1402	B09	1925255	1925482	+	228	17	0	0
Interval_1403	B09	2787354	2787510	+	157	9	3	0
Interval_1404	B09	3106404	3106641	+	238	13	0	0
Interval_1405	B09	3522596	3522771	+	176	11	4	0
Interval_1406	B09	4060611	4060767	+	157	7	0	0
Interval_1407	B09	4327438	4327666	+	229	12	4	2
Interval_1408	B09	5083628	5083814	+	187	14	0	0
Interval_1409	B09	5337436	5337614	+	179	15	3	0
Interval_1410	B09	6130872	6131063	+	192	10	0	0
Interval_1411	B09	8335248	8335447	+	200	12	0	0
Interval_1412	B09	8685502	8685658	+	157	8	0	0
Interval_1413	B09	8700765	8700956	+	192	15	0	0
Interval_1414	B09	11905429	11905592	+	164	13	2	1
Interval_1415	B09	12047587	12047748	+	162	18	0	0
Interval_1416	B09	12172247	12172403	+	157	11	1	0
Interval_1417	B09	12686321	12686477	+	157	14	0	0
Interval_1418	B09	13422803	13423005	+	203	15	12	4
Interval_1419	B09	14263023	14263255	+	233	24	0	0
Interval_1420	B09	14893820	14893996	+	177	8	0	0
Interval_1421	B09	17418608	17418775	+	168	13	0	0
Interval_1422	B09	17506052	17506281	+	230	22	0	0
Interval_1423	B09	18796687	18796843	+	157	21	12	0
Interval_1424	B09	19503916	19504142	+	227	15	0	0
Interval_1425	B09	22952816	22953006	+	191	15	2	6
Interval_1426	B09	25550616	25550786	+	171	11	0	0
Interval_1427	B09	25611404	25611574	+	171	16	0	1
Interval_1428	B09	27602365	27602608	+	244	17	19	0
Interval_1429	B09	32897889	32898055	+	167	9	0	0
Interval_1430	B09	32979724	32979959	+	236	13	0	0
Interval_1431	B09	33314363	33314647	+	285	24	2	2
Interval_1432	B09	34817908	34818080	+	173	11	23	0
Interval_1433	B09	39048787	39048961	+	175	13	3	0
Interval_1434	B09	41249415	41249633	+	219	22	18	0
Interval_1435	B09	47233865	47234035	+	171	15	0	0
Interval_1436	B09	47952657	47952813	+	157	16	5	1
Interval_1437	B09	47953597	47953768	+	172	18	3	4
Interval_1438	B09	48794329	48794485	+	157	7	0	0
Interval_1439	B09	49102048	49102358	+	311	15	9	5
Interval_1440	B09	50717461	50717644	+	184	15	32	0
Interval_1441	B09	58868669	58868856	+	188	12	0	0
Interval_1442	B09	62124087	62124526	+	440	40	0	0
Interval_1443	B09	62303346	62303513	+	168	19	0	0
Interval_1444	B09	65829807	65829963	+	157	13	0	0
Interval_1445	B09	65834394	65834593	+	200	17	0	0
Interval_1446	B09	69709398	69709607	+	210	21	13	0
Interval_1447	B09	73932255	73932411	+	157	9	0	0
Interval_1448	B09	76958177	76958350	+	174	6	0	0
Interval_1449	B09	78712982	78713209	+	228	11	0	0
Interval_1450	B09	78717815	78718046	+	232	15	0	0
Interval_1451	B09	79153574	79153799	+	226	11	0	0
Interval_1452	B09	82009062	82009265	+	204	17	2	3
Interval_1453	B09	82179604	82179780	+	177	7	0	0
Interval_1454	B09	85272486	85272732	+	247	23	8	7
Interval_1455	B09	87565483	87565659	+	177	18	12	0
Interval_1456	B09	89435281	89435535	+	255	16	0	0
Interval_1457	B09	89653194	89653451	+	258	18	0	0
Interval_1458	B09	91913918	91914074	+	157	15	0	0
Interval_1459	B09	93620569	93620748	+	180	12	5	0
Interval_1460	B09	97999852	98000086	+	235	22	0	0
Interval_1461	B09	99654258	99654414	+	157	13	0	0
Interval_1462	B09	102811696	102811852	+	157	19	13	0
Interval_1463	B09	103108112	103108383	+	272	35	6	9
Interval_1464	B09	105010026	105010294	+	269	18	0	0
Interval_1465	B09	111004206	111004362	+	157	7	10	0
Interval_1466	B09	111802085	111802340	+	256	20	0	0
Interval_1467	B09	112596367	112596553	+	187	15	7	0
Interval_1468	B09	113382586	113382813	+	228	8	0	0
Interval_1469	B09	114518844	114519000	+	157	12	7	0
Interval_1470	B09	117755936	117756199	+	264	14	0	0
Interval_1471	B09	118032183	118032373	+	191	16	1	0
Interval_1472	B09	120508462	120508669	+	208	16	0	0
Interval_1473	B09	122670012	122670290	+	279	32	24	0
Interval_1474	B09	122800013	122800193	+	181	12	0	0
Interval_1475	B09	123609715	123609921	+	207	12	0	0
Interval_1476	B09	124894586	124894811	+	226	17	7	0
Interval_1477	B09	126195635	126195797	+	163	16	2	0
Interval_1478	B09	126725741	126725897	+	157	9	0	0
Interval_1479	B09	127409243	127409405	+	163	10	0	0
Interval_1480	B09	127467229	127467385	+	157	9	1	0
Interval_1481	B09	127551809	127552070	+	262	17	9	6
Interval_1482	B09	127611076	127611253	+	178	17	7	4
Interval_1483	B09	128556744	128556946	+	203	13	0	0
Interval_1484	B09	128649850	128650032	+	183	8	0	0
Interval_1485	B09	128907191	128907377	+	187	8	0	0
Interval_1486	B09	129479415	129479670	+	256	23	15	0
Interval_1487	B09	131186730	131186900	+	171	14	6	0
Interval_1488	B09	131478600	131478850	+	251	16	11	0
Interval_1489	B09	132143882	132144151	+	270	16	0	0
Interval_1490	B09	132741969	132742188	+	220	25	2	1
Interval_1491	B09	133075758	133075966	+	209	11	1	2
Interval_1492	B09	134360204	134360437	+	234	12	0	0
Interval_1493	B09	135707209	135707419	+	211	12	0	0
Interval_1494	B09	136384142	136384359	+	218	26	2	4
Interval_1495	B09	138554552	138554708	+	157	12	3	4
Interval_1496	B09	139199594	139199750	+	157	7	2	0
Interval_1497	B09	140219448	140219604	+	157	4	3	0
Interval_1498	B09	140566498	140566654	+	157	10	0	0
Interval_1499	B09	140948534	140948765	+	232	13	0	0
Interval_1500	B09	142149432	142149751	+	320	16	18	0
Interval_1501	B09	142753983	142754219	+	237	33	0	0
Interval_1502	B09	143198390	143198546	+	157	15	0	0
Interval_1503	B09	143665292	143665465	+	174	6	3	5
Interval_1504	B09	146690346	146690505	+	160	16	3	0
Interval_1505	B09	148116594	148116786	+	193	12	0	0
Interval_1506	B09	149090637	149090793	+	157	14	0	0
Interval_1507	B09	149110033	149110189	+	157	11	0	0
Interval_1508	B09	150750897	150751117	+	221	21	25	0
Interval_1509	B09	150909135	150909328	+	194	13	2	2
Interval_1510	B09	151582466	151582622	+	157	7	2	1
Interval_1511	B09	152632407	152632707	+	301	26	25	0
Interval_1512	B09	153144772	153144977	+	206	11	0	0
Interval_1513	B09	155342488	155342644	+	157	7	6	0
Interval_1514	B09	156890275	156890495	+	221	26	14	0
Interval_1515	B09	157741107	157741303	+	197	10	5	0
Interval_1516	B09	158456738	158456942	+	205	20	0	0
Interval_1517	B09	158550839	158551028	+	190	15	0	0
Interval_1518	B10	105566	105734	+	169	9	0	0
Interval_1519	B10	2363526	2363682	+	157	17	10	0
Interval_1520	B10	4114033	4114204	+	172	7	0	0
Interval_1521	B10	4260209	4260567	+	359	33	3	1
Interval_1522	B10	4374056	4374237	+	182	13	10	0
Interval_1523	B10	4500948	4501152	+	205	22	0	0
Interval_1524	B10	8557800	8558017	+	218	11	1	0
Interval_1525	B10	11694727	11694950	+	224	5	8	0
Interval_1526	B10	14737952	14738176	+	225	25	1	0
Interval_1527	B10	15305770	15305926	+	157	17	0	0
Interval_1528	B10	17428485	17428726	+	242	14	0	0
Interval_1529	B10	17923307	17923531	+	225	26	0	0
Interval_1530	B10	18687129	18687347	+	219	13	12	0
Interval_1531	B10	18807019	18807190	+	172	3	8	0
Interval_1532	B10	19378933	19379089	+	157	10	0	0
Interval_1533	B10	22910968	22911231	+	264	21	16	0
Interval_1534	B10	25780419	25780778	+	360	17	1	0
Interval_1535	B10	30285428	30285584	+	157	9	0	0
Interval_1536	B10	32814051	32814572	+	522	63	0	0
Interval_1537	B10	32814904	32815116	+	213	15	0	0
Interval_1538	B10	38978678	38978845	+	168	16	1	0
Interval_1539	B10	41723601	41723757	+	157	9	0	0
Interval_1540	B10	43119448	43119639	+	192	13	0	0
Interval_1541	B10	51315429	51315585	+	157	9	0	0
Interval_1542	B10	54990105	54990317	+	213	12	6	0
Interval_1543	B10	58080239	58080395	+	157	6	5	0
Interval_1544	B10	58225565	58225871	+	307	20	22	0
Interval_1545	B10	58935522	58935743	+	222	13	0	0
Interval_1546	B10	59409601	59409793	+	193	8	3	0
Interval_1547	B10	61676327	61676493	+	167	11	2	0
Interval_1548	B10	65479101	65479416	+	316	29	15	0
Interval_1549	B10	66069584	66069781	+	198	18	3	0
Interval_1550	B10	68163775	68163931	+	157	18	0	0
Interval_1551	B10	68229370	68229573	+	204	21	0	0
Interval_1552	B10	68480001	68480157	+	157	7	0	0
Interval_1553	B10	68839580	68839736	+	157	8	0	0
Interval_1554	B10	68848223	68848394	+	172	6	0	0
Interval_1555	B10	69450558	69450714	+	157	13	0	0
Interval_1556	B10	74776016	74776188	+	173	17	0	0
Interval_1557	B10	75450742	75450967	+	226	12	20	0
Interval_1558	B10	78717543	78717699	+	157	9	0	0
Interval_1559	B10	78759479	78759674	+	196	26	0	0
Interval_1560	B10	79216215	79216371	+	157	7	0	0
Interval_1561	B10	79362378	79362564	+	187	15	0	0
Interval_1562	B10	82435313	82435636	+	324	15	4	0
Interval_1563	B10	82506630	82506953	+	324	17	0	0
Interval_1564	B10	82595491	82595647	+	157	14	0	0
Interval_1565	B10	82900660	82900932	+	273	30	7	0
Interval_1566	B10	85722145	85722421	+	277	22	0	0
Interval_1567	B10	86163162	86163381	+	220	15	0	0
Interval_1568	B10	86803856	86804015	+	160	13	0	0
Interval_1569	B10	90187182	90187365	+	184	14	2	0
Interval_1570	B10	92069385	92069668	+	284	19	14	0
Interval_1571	B10	92071998	92072286	+	289	34	21	0
Interval_1572	B10	94229038	94229223	+	186	16	0	0
Interval_1573	B10	100059079	100059282	+	204	11	3	0
Interval_1574	B10	102054433	102054589	+	157	9	0	0
Interval_1575	B10	102056283	102056603	+	321	12	0	0
Interval_1576	B10	102068342	102068677	+	336	25	0	0
Interval_1577	B10	103236858	103237059	+	202	13	0	0
Interval_1578	B10	103402363	103402543	+	181	13	0	0
Interval_1579	B10	103502078	103502234	+	157	7	2	0
Interval_1580	B10	105416352	105416508	+	157	15	0	0
Interval_1581	B10	105441937	105442093	+	157	13	0	0
Interval_1582	B10	108131393	108131569	+	177	16	9	0
Interval_1583	B10	108846043	108846282	+	240	16	19	0
Interval_1584	B10	111870738	111870894	+	157	15	0	0
Interval_1585	B10	112360852	112361153	+	302	15	5	0
Interval_1586	B10	112590648	112590804	+	157	5	3	0
Interval_1587	B10	113233004	113233253	+	250	24	0	0
Interval_1588	B10	114199806	114200209	+	404	50	20	0
Interval_1589	B10	114200310	114200492	+	183	16	11	0
Interval_1590	B10	115754536	115754707	+	172	1	8	0
Interval_1591	B10	115861391	115861636	+	246	26	15	0
Interval_1592	B10	117250974	117251151	+	178	23	17	0
Interval_1593	B10	117499613	117499833	+	221	7	0	0
Interval_1594	B10	117593825	117593996	+	172	2	0	0
Interval_1595	B10	120244651	120244868	+	218	12	0	0
Interval_1596	B10	120613081	120613312	+	232	15	4	0
Interval_1597	B10	120630303	120630459	+	157	13	8	0
Interval_1598	B10	120941579	120941775	+	197	14	11	0
Interval_1599	B10	124703991	124704147	+	157	12	1	0
Interval_1600	B10	125596107	125596272	+	166	9	0	0
Interval_1601	B10	125899010	125899194	+	185	15	0	0
Interval_1602	B10	127580019	127580195	+	177	16	5	0
Interval_1603	B10	127667753	127667916	+	164	13	5	0
Interval_1604	B10	128448163	128448601	+	439	48	0	0
Interval_1605	B10	129393585	129393755	+	171	17	3	0
Interval_1606	B10	131577915	131578071	+	157	18	1	0
Interval_1607	B10	133219534	133219709	+	176	20	0	0
Interval_1608	B10	134093009	134093201	+	193	10	5	0
Interval_1609	B10	135043186	135043430	+	245	15	9	0
Interval_1610	B10	136551124	136551280	+	157	11	0	0
Interval_1611	B10	137167708	137167990	+	283	27	0	0
Interval_1612	B10	139825320	139825499	+	180	11	0	0
Interval_1613	B10	140835337	140835559	+	223	16	10	7
Interval_1614	B10	141574232	141574397	+	166	13	0	0
Interval_1615	B10	141574578	141574795	+	218	8	0	0
Interval_1616	B10	142158962	142159141	+	180	18	0	0
Interval_1617	B10	142284925	142285120	+	196	17	0	0
Interval_1618	B10	145501182	145501353	+	172	9	10	2
Interval_1619	B10	146464389	146464567	+	179	15	0	3
Interval_1620	B10	146887406	146887595	+	190	25	6	9
Interval_1621	B10	147773679	147773892	+	214	18	19	0
Interval_1622	B10	148209291	148209509	+	219	8	0	0
Interval_1623	B10	149329368	149329559	+	192	17	7	0
Interval_1624	B10	149754370	149754538	+	169	23	5	5
Interval_1625	B10	150849069	150849280	+	212	15	0	0
Interval_1626	B99	2192	2547	+	356	333	0	0
Interval_1627	B99	3681	3991	+	311	113	1	20
Interval_1628	B99	8258	8521	+	264	22	0	0
Interval_1629	B99	36411	36703	+	293	46	0	0
Interval_1630	B99	38133	38289	+	157	9	0	0
Interval_1631	B99	157291	157582	+	292	58	0	0
Interval_1632	B99	158456	158616	+	161	15	0	0
Interval_1633	B99	161100	161361	+	262	28	0	0
Interval_1634	B99	163460	163711	+	252	26	0	0
Interval_1635	B99	235094	235271	+	178	32	0	0
Interval_1636	B99	243207	243438	+	232	30	0	0
Interval_1637	B99	243711	243979	+	269	29	0	0
Interval_1638	B99	263441	263623	+	183	17	0	0
Interval_1639	B99	283255	283527	+	273	29	0	0
Interval_1640	B99	289028	289477	+	450	139	0	0
Interval_1641	B99	292696	292852	+	157	76	0	0
Interval_1642	B99	293391	293688	+	298	80	0	0
Interval_1643	B99	302609	302837	+	229	12	0	0
Interval_1644	B99	306289	306528	+	240	37	0	0
Interval_1645	B99	312125	312281	+	157	9	0	0
Interval_1646	B99	327742	328084	+	343	39	0	0
Interval_1647	B99	334804	335017	+	214	15	0	0
Interval_1648	B99	344495	344843	+	349	47	0	0
Interval_1649	B99	345026	345360	+	335	36	0	0
Interval_1650	B99	347193	347465	+	273	19	0	0
Interval_1651	B99	349110	349284	+	175	16	0	0
Interval_1652	B99	352452	352636	+	185	13	0	0
Interval_1653	B99	360771	360927	+	157	19	0	0
Interval_1654	B99	361869	362063	+	195	37	0	0
Interval_1655	B99	368473	368651	+	179	79	0	0
Interval_1656	B99	369795	370017	+	223	21	0	0
Interval_1657	B99	371467	371753	+	287	94	0	0
Interval_1658	B99	372400	372560	+	161	12	0	0
Interval_1659	B99	404717	404939	+	223	44	0	0
Interval_1660	B99	418061	418318	+	258	26	0	0
Interval_1661	B99	422202	422473	+	272	25	0	0
Interval_1662	B99	432730	433040	+	311	28	0	0
Interval_1663	B99	438178	438607	+	430	158	0	0
Interval_1664	B99	439491	439998	+	508	55	0	0
Interval_1665	B99	494734	494974	+	241	56	0	0
Interval_1666	B99	495186	496235	+	1050	260	0	0
Interval_1667	B99	505233	505393	+	161	34	0	0
Interval_1668	B99	511890	512779	+	890	360	0	0
Interval_1669	B99	513398	513699	+	302	77	0	0
Interval_1670	B99	515173	515358	+	186	43	0	0
Interval_1671	B99	518625	518872	+	248	52	0	0
Interval_1672	B99	519121	519488	+	368	135	0	0
Interval_1673	B99	519590	520163	+	574	256	0	0
Interval_1674	B99	520946	521110	+	165	58	0	0
Interval_1675	B99	521838	522062	+	225	56	0	0
Interval_1676	B99	522720	523010	+	291	89	0	0
Interval_1677	B99	525319	525497	+	179	36	0	0
Interval_1678	B99	527895	528066	+	172	40	0	0
Interval_1679	B99	529168	529324	+	157	32	0	0
Interval_1680	B99	530597	530775	+	179	54	0	0
Interval_1681	B99	531129	531475	+	347	176	0	0
Interval_1682	B99	532152	532453	+	302	81	0	0
Interval_1683	B99	534556	535068	+	513	193	0	0
Interval_1684	B99	536241	536553	+	313	130	0	0
Interval_1685	B99	536706	536964	+	259	125	0	0
Interval_1686	B99	537519	538216	+	698	281	0	0
Interval_1687	B99	538375	539120	+	746	333	0	0
Interval_1688	B99	539581	539848	+	268	104	0	0
Interval_1689	B99	540061	540493	+	433	141	0	0
Interval_1690	B99	544769	545470	+	702	317	0	0
Interval_1691	B99	546945	547600	+	656	187	0	0
Interval_1692	B99	549957	550633	+	677	264	0	0
Interval_1693	B99	551948	552158	+	211	50	0	0
Interval_1694	B99	553257	553518	+	262	69	0	0
Interval_1695	B99	563882	564384	+	503	234	0	0
Interval_1696	B99	564722	565513	+	792	411	0	0
Interval_1697	B99	566331	567636	+	1306	735	0	0
Interval_1698	B99	568192	568449	+	258	104	0	0
Interval_1699	B99	575376	575537	+	162	65	0	0
Interval_1700	B99	577041	577241	+	201	86	0	0
Interval_1701	B99	579316	579604	+	289	81	0	0
Interval_1702	B99	580557	580863	+	307	103	0	0
Interval_1703	B99	585299	585721	+	423	91	0	0
Interval_1704	B99	586910	587080	+	171	65	0	0
Interval_1705	B99	591098	591419	+	322	161	0	0
Interval_1706	B99	603042	603290	+	249	36	0	0
Interval_1707	B99	637426	637587	+	162	21	0	0
Interval_1708	B99	639056	639314	+	259	47	0	0
Interval_1709	B99	665372	665590	+	219	16	0	0
Interval_1710	B99	669977	670146	+	170	14	0	0
Interval_1711	B99	672943	673122	+	180	20	0	0
Interval_1712	B99	694301	694564	+	264	26	0	0
Interval_1713	B99	705051	705283	+	233	10	0	0
Interval_1714	B99	5199952	5200123	+	172	6	0	0
Interval_1715	B99	10696295	10696451	+	157	8	0	0
Interval_1716	B99	17080622	17080950	+	329	67	0	0
Interval_1717	B99	17082784	17083079	+	296	92	0	0
Interval_1718	B99	17084634	17084932	+	299	91	0	0
Interval_1719	B99	17085075	17085359	+	285	60	0	0
Interval_1720	B99	17086082	17086290	+	209	19	0	0
Interval_1721	B99	17095410	17095676	+	267	22	0	0
Interval_1722	B99	17110806	17111090	+	285	4	0	0
Interval_1723	B99	17112149	17112437	+	289	75	0	0
Interval_1724	B99	17113050	17113536	+	487	72	0	0
Interval_1725	B99	17114850	17115164	+	315	104	0	0
Interval_1726	B99	17115810	17116094	+	285	53	0	0
Interval_1727	B99	17117400	17117701	+	302	50	0	0
Interval_1728	B99	17154629	17154910	+	282	28	0	0
Interval_1729	B99	17156655	17156977	+	323	107	0	0
Interval_1730	B99	17157300	17157650	+	351	30	0	0
Interval_1731	B99	24584404	24584690	+	287	14	0	0
Interval_1732	B99	25737702	25737971	+	270	20	0	0
Interval_1733	B99	27651915	27652077	+	163	9	2	2
